{
  "type": "FeatureCollection",
  "name": "SAFOD georeferenced fibre geometry",
  "features": [
    {
      "type": "Feature",
      "properties": {
        "kind": "fibre_section",
        "section": "Surface Spool",
        "name": "SAFOD Surface Spool"
      },
      "geometry": {
        "type": "LineString",
        "coordinates": [
          [
            -120.5521278,
            35.9741971
          ],
          [
            -120.5521278,
            35.9741971
          ],
          [
            -120.5521278,
            35.9741971
          ],
          [
            -120.5521278,
            35.9741971
          ],
          [
            -120.5521278,
            35.9741971
          ],
          [
            -120.5521278,
            35.9741971
          ],
          [
            -120.5521278,
            35.9741971
          ],
          [
            -120.5521278,
            35.9741971
          ],
          [
            -120.5521278,
            35.9741971
          ],
          [
            -120.5521278,
            35.9741971
          ],
          [
            -120.5521278,
            35.9741971
          ],
          [
            -120.5521278,
            35.9741971
          ],
          [
            -120.5521278,
            35.9741971
          ],
          [
            -120.5521278,
            35.9741971
          ],
          [
            -120.5521278,
            35.9741971
          ],
          [
            -120.5521278,
            35.9741971
          ],
          [
            -120.5521278,
            35.9741971
          ],
          [
            -120.5521278,
            35.9741971
          ],
          [
            -120.5521278,
            35.9741971
          ],
          [
            -120.5521278,
            35.9741971
          ],
          [
            -120.5521278,
            35.9741971
          ],
          [
            -120.5521278,
            35.9741971
          ],
          [
            -120.5521278,
            35.9741971
          ],
          [
            -120.5521278,
            35.9741971
          ],
          [
            -120.5521278,
            35.9741971
          ],
          [
            -120.5521278,
            35.9741971
          ],
          [
            -120.5521278,
            35.9741971
          ],
          [
            -120.5521278,
            35.9741971
          ],
          [
            -120.5521278,
            35.9741971
          ],
          [
            -120.5521278,
            35.9741971
          ],
          [
            -120.5521278,
            35.9741971
          ],
          [
            -120.5521278,
            35.9741971
          ],
          [
            -120.5521278,
            35.9741971
          ],
          [
            -120.5521278,
            35.9741971
          ],
          [
            -120.5521278,
            35.9741971
          ],
          [
            -120.5521278,
            35.9741971
          ],
          [
            -120.5521278,
            35.9741971
          ],
          [
            -120.5521278,
            35.9741971
          ],
          [
            -120.5521278,
            35.9741971
          ],
          [
            -120.5521278,
            35.9741971
          ],
          [
            -120.5521278,
            35.9741971
          ],
          [
            -120.5521278,
            35.9741971
          ],
          [
            -120.5521278,
            35.9741971
          ],
          [
            -120.5521278,
            35.9741971
          ],
          [
            -120.5521278,
            35.9741971
          ],
          [
            -120.5521278,
            35.9741971
          ],
          [
            -120.5521278,
            35.9741971
          ],
          [
            -120.5521278,
            35.9741971
          ],
          [
            -120.5521278,
            35.9741971
          ],
          [
            -120.5521278,
            35.9741971
          ],
          [
            -120.5521278,
            35.9741971
          ],
          [
            -120.5521278,
            35.9741971
          ],
          [
            -120.5521278,
            35.9741971
          ],
          [
            -120.5521278,
            35.9741971
          ],
          [
            -120.5521278,
            35.9741971
          ],
          [
            -120.5521278,
            35.9741971
          ],
          [
            -120.5521278,
            35.9741971
          ],
          [
            -120.5521278,
            35.9741971
          ],
          [
            -120.5521278,
            35.9741971
          ],
          [
            -120.5521278,
            35.9741971
          ],
          [
            -120.5521278,
            35.9741971
          ],
          [
            -120.5521278,
            35.9741971
          ],
          [
            -120.5521278,
            35.9741971
          ],
          [
            -120.5521278,
            35.9741971
          ],
          [
            -120.5521278,
            35.9741971
          ],
          [
            -120.5521278,
            35.9741971
          ],
          [
            -120.5521278,
            35.9741971
          ],
          [
            -120.5521278,
            35.9741971
          ],
          [
            -120.5521278,
            35.9741971
          ],
          [
            -120.5521278,
            35.9741971
          ],
          [
            -120.5521278,
            35.9741971
          ],
          [
            -120.5521278,
            35.9741971
          ],
          [
            -120.5521278,
            35.9741971
          ],
          [
            -120.5521278,
            35.9741971
          ],
          [
            -120.5521278,
            35.9741971
          ],
          [
            -120.5521278,
            35.9741971
          ],
          [
            -120.5521278,
            35.9741971
          ],
          [
            -120.5521278,
            35.9741971
          ],
          [
            -120.5521278,
            35.9741971
          ],
          [
            -120.5521278,
            35.9741971
          ],
          [
            -120.5521278,
            35.9741971
          ],
          [
            -120.5521278,
            35.9741971
          ],
          [
            -120.5521278,
            35.9741971
          ],
          [
            -120.5521278,
            35.9741971
          ],
          [
            -120.5521278,
            35.9741971
          ],
          [
            -120.5521278,
            35.9741971
          ],
          [
            -120.5521278,
            35.9741971
          ],
          [
            -120.5521278,
            35.9741971
          ],
          [
            -120.5521278,
            35.9741971
          ],
          [
            -120.5521278,
            35.9741971
          ],
          [
            -120.5521278,
            35.9741971
          ],
          [
            -120.5521278,
            35.9741971
          ],
          [
            -120.5521278,
            35.9741971
          ],
          [
            -120.5521278,
            35.9741971
          ],
          [
            -120.5521278,
            35.9741971
          ],
          [
            -120.5521278,
            35.9741971
          ],
          [
            -120.5521278,
            35.9741971
          ],
          [
            -120.5521278,
            35.9741971
          ],
          [
            -120.5521278,
            35.9741971
          ],
          [
            -120.5521278,
            35.9741971
          ],
          [
            -120.5521278,
            35.9741971
          ],
          [
            -120.5521278,
            35.9741971
          ],
          [
            -120.5521278,
            35.9741971
          ],
          [
            -120.5521278,
            35.9741971
          ],
          [
            -120.5521278,
            35.9741971
          ],
          [
            -120.5521278,
            35.9741971
          ],
          [
            -120.5521278,
            35.9741971
          ],
          [
            -120.5521278,
            35.9741971
          ],
          [
            -120.5521278,
            35.9741971
          ],
          [
            -120.5521278,
            35.9741971
          ],
          [
            -120.5521278,
            35.9741971
          ],
          [
            -120.5521278,
            35.9741971
          ],
          [
            -120.5521278,
            35.9741971
          ],
          [
            -120.5521278,
            35.9741971
          ],
          [
            -120.5521278,
            35.9741971
          ],
          [
            -120.5521278,
            35.9741971
          ],
          [
            -120.5521278,
            35.9741971
          ],
          [
            -120.5521278,
            35.9741971
          ],
          [
            -120.5521278,
            35.9741971
          ],
          [
            -120.5521278,
            35.9741971
          ],
          [
            -120.5521278,
            35.9741971
          ],
          [
            -120.5521278,
            35.9741971
          ],
          [
            -120.5521278,
            35.9741971
          ],
          [
            -120.5521278,
            35.9741971
          ],
          [
            -120.5521278,
            35.9741971
          ],
          [
            -120.5521278,
            35.9741971
          ],
          [
            -120.5521278,
            35.9741971
          ],
          [
            -120.5521278,
            35.9741971
          ],
          [
            -120.5521278,
            35.9741971
          ],
          [
            -120.5521278,
            35.9741971
          ],
          [
            -120.5521278,
            35.9741971
          ],
          [
            -120.5521278,
            35.9741971
          ],
          [
            -120.5521278,
            35.9741971
          ],
          [
            -120.5521278,
            35.9741971
          ],
          [
            -120.5521278,
            35.9741971
          ],
          [
            -120.5521278,
            35.9741971
          ],
          [
            -120.5521278,
            35.9741971
          ],
          [
            -120.5521278,
            35.9741971
          ],
          [
            -120.5521278,
            35.9741971
          ],
          [
            -120.5521278,
            35.9741971
          ],
          [
            -120.5521278,
            35.9741971
          ],
          [
            -120.5521278,
            35.9741971
          ],
          [
            -120.5521278,
            35.9741971
          ],
          [
            -120.5521278,
            35.9741971
          ],
          [
            -120.5521278,
            35.9741971
          ],
          [
            -120.5521278,
            35.9741971
          ],
          [
            -120.5521278,
            35.9741971
          ],
          [
            -120.5521278,
            35.9741971
          ],
          [
            -120.5521278,
            35.9741971
          ],
          [
            -120.5521278,
            35.9741971
          ],
          [
            -120.5521278,
            35.9741971
          ],
          [
            -120.5521278,
            35.9741971
          ],
          [
            -120.5521278,
            35.9741971
          ],
          [
            -120.5521278,
            35.9741971
          ],
          [
            -120.5521278,
            35.9741971
          ],
          [
            -120.5521278,
            35.9741971
          ],
          [
            -120.5521278,
            35.9741971
          ],
          [
            -120.5521278,
            35.9741971
          ],
          [
            -120.5521278,
            35.9741971
          ],
          [
            -120.5521278,
            35.9741971
          ],
          [
            -120.5521278,
            35.9741971
          ],
          [
            -120.5521278,
            35.9741971
          ],
          [
            -120.5521278,
            35.9741971
          ],
          [
            -120.5521278,
            35.9741971
          ],
          [
            -120.5521278,
            35.9741971
          ],
          [
            -120.5521278,
            35.9741971
          ],
          [
            -120.5521278,
            35.9741971
          ],
          [
            -120.5521278,
            35.9741971
          ],
          [
            -120.5521278,
            35.9741971
          ],
          [
            -120.5521278,
            35.9741971
          ],
          [
            -120.5521278,
            35.9741971
          ],
          [
            -120.5521278,
            35.9741971
          ],
          [
            -120.5521278,
            35.9741971
          ],
          [
            -120.5521278,
            35.9741971
          ],
          [
            -120.5521278,
            35.9741971
          ],
          [
            -120.5521278,
            35.9741971
          ],
          [
            -120.5521278,
            35.9741971
          ],
          [
            -120.5521278,
            35.9741971
          ],
          [
            -120.5521278,
            35.9741971
          ],
          [
            -120.5521278,
            35.9741971
          ],
          [
            -120.5521278,
            35.9741971
          ],
          [
            -120.5521278,
            35.9741971
          ],
          [
            -120.5521278,
            35.9741971
          ],
          [
            -120.5521278,
            35.9741971
          ],
          [
            -120.5521278,
            35.9741971
          ],
          [
            -120.5521278,
            35.9741971
          ],
          [
            -120.5521278,
            35.9741971
          ],
          [
            -120.5521278,
            35.9741971
          ],
          [
            -120.5521278,
            35.9741971
          ],
          [
            -120.5521278,
            35.9741971
          ],
          [
            -120.5521278,
            35.9741971
          ],
          [
            -120.5521278,
            35.9741971
          ],
          [
            -120.5521278,
            35.9741971
          ],
          [
            -120.5521278,
            35.9741971
          ],
          [
            -120.5521278,
            35.9741971
          ],
          [
            -120.5521278,
            35.9741971
          ],
          [
            -120.5521278,
            35.9741971
          ],
          [
            -120.5521278,
            35.9741971
          ],
          [
            -120.5521278,
            35.9741971
          ],
          [
            -120.5521278,
            35.9741971
          ],
          [
            -120.5521278,
            35.9741971
          ],
          [
            -120.5521278,
            35.9741971
          ],
          [
            -120.5521278,
            35.9741971
          ],
          [
            -120.5521278,
            35.9741971
          ],
          [
            -120.5521278,
            35.9741971
          ],
          [
            -120.5521278,
            35.9741971
          ],
          [
            -120.5521278,
            35.9741971
          ],
          [
            -120.5521278,
            35.9741971
          ],
          [
            -120.5521278,
            35.9741971
          ],
          [
            -120.5521278,
            35.9741971
          ]
        ]
      }
    },
    {
      "type": "Feature",
      "properties": {
        "kind": "fibre_section",
        "section": "Down-leg",
        "name": "SAFOD Down-leg"
      },
      "geometry": {
        "type": "LineString",
        "coordinates": [
          [
            -120.5521278,
            35.9741971
          ],
          [
            -120.5521278,
            35.9741971
          ],
          [
            -120.552127765557,
            35.9741971
          ],
          [
            -120.5521276983356,
            35.97419710166443
          ],
          [
            -120.5521276311141,
            35.97419716888591
          ],
          [
            -120.5521275638926,
            35.9741972
          ],
          [
            -120.5521274933423,
            35.97419720332886
          ],
          [
            -120.5521273588993,
            35.97419727055033
          ],
          [
            -120.5521272244564,
            35.97419733777181
          ],
          [
            -120.5521270900134,
            35.9741974
          ],
          [
            -120.5521269555705,
            35.9741974
          ],
          [
            -120.5521267816913,
            35.97419743943625
          ],
          [
            -120.5521265733691,
            35.97419750665772
          ],
          [
            -120.5521263044832,
            35.9741975738792
          ],
          [
            -120.552126076698,
            35.97419768220134
          ],
          [
            -120.5521258667114,
            35.97419781664429
          ],
          [
            -120.5521255978255,
            35.97419795108725
          ],
          [
            -120.5521253289396,
            35.9741980427651
          ],
          [
            -120.5521250600537,
            35.97419811997316
          ],
          [
            -120.5521247911678,
            35.97419825441611
          ],
          [
            -120.5521244334228,
            35.97419838885906
          ],
          [
            -120.552124030094,
            35.974198511651
          ],
          [
            -120.5521236267651,
            35.97419857887248
          ],
          [
            -120.5521232695302,
            35.97419873828188
          ],
          [
            -120.5521229201074,
            35.97419892663087
          ],
          [
            -120.5521225167785,
            35.97419906107383
          ],
          [
            -120.5521220656913,
            35.97419919551678
          ],
          [
            -120.5521216101208,
            35.9741993449396
          ],
          [
            -120.5521212067919,
            35.97419954660403
          ],
          [
            -120.5521207540403,
            35.97419969884564
          ],
          [
            -120.5521202668456,
            35.97419984993289
          ],
          [
            -120.5521197290738,
            35.97420005159731
          ],
          [
            -120.552119191302,
            35.97420020217449
          ],
          [
            -120.5521186901477,
            35.97420033661745
          ],
          [
            -120.5521182868188,
            35.97420047106041
          ],
          [
            -120.5521178307383,
            35.97420065825504
          ],
          [
            -120.5521173402148,
            35.97420081997316
          ],
          [
            -120.552116802443,
            35.97420088719463
          ],
          [
            -120.5521162646711,
            35.97420100883222
          ],
          [
            -120.5521157268993,
            35.97420112163758
          ],
          [
            -120.5521151891275,
            35.97420118885906
          ],
          [
            -120.5521147074362,
            35.9742012
          ],
          [
            -120.5521142135839,
            35.97420124660403
          ],
          [
            -120.5521136758121,
            35.97420138104698
          ],
          [
            -120.5521131380403,
            35.97420145774497
          ],
          [
            -120.5521126002685,
            35.97420152496645
          ],
          [
            -120.5521120624966,
            35.97420159218792
          ],
          [
            -120.5521115247248,
            35.9742016
          ],
          [
            -120.5521110135839,
            35.97420162663087
          ],
          [
            -120.5521105430335,
            35.97420169385235
          ],
          [
            -120.5521100114094,
            35.9742017
          ],
          [
            -120.5521094736376,
            35.97420172829531
          ],
          [
            -120.5521089358658,
            35.97420179551678
          ],
          [
            -120.5521083980939,
            35.9742018
          ],
          [
            -120.5521078902819,
            35.9742018
          ],
          [
            -120.5521074197315,
            35.9742018
          ],
          [
            -120.5521068847785,
            35.97420186440269
          ],
          [
            -120.5521063470067,
            35.9742019
          ],
          [
            -120.5521058092349,
            35.9742019
          ],
          [
            -120.552105205396,
            35.97420196606711
          ],
          [
            -120.5521046336913,
            35.97420196671141
          ],
          [
            -120.5521040954094,
            35.9742019
          ],
          [
            -120.5521034904161,
            35.9742019
          ],
          [
            -120.5521029203758,
            35.9742019
          ],
          [
            -120.552102378255,
            35.9742019
          ],
          [
            -120.5521017060403,
            35.9742019
          ],
          [
            -120.5521010704429,
            35.9742019
          ],
          [
            -120.5521004654497,
            35.97420189616107
          ],
          [
            -120.5520998604564,
            35.9742018289396
          ],
          [
            -120.5520992554631,
            35.9742018
          ],
          [
            -120.5520986504698,
            35.97420179449665
          ],
          [
            -120.5520980454765,
            35.97420172727517
          ],
          [
            -120.5520974005369,
            35.9742017
          ],
          [
            -120.5520967283222,
            35.9742017
          ],
          [
            -120.5520960561074,
            35.9742017
          ],
          [
            -120.5520954255034,
            35.9742017
          ],
          [
            -120.5520948116778,
            35.97420169116779
          ],
          [
            -120.5520941394631,
            35.97420162394631
          ],
          [
            -120.5520934672483,
            35.97420155672484
          ],
          [
            -120.5520928055302,
            35.97420148950336
          ],
          [
            -120.5520922005369,
            35.97420142228188
          ],
          [
            -120.552091550604,
            35.9742013550604
          ],
          [
            -120.5520908783893,
            35.9742013
          ],
          [
            -120.5520902061745,
            35.9742013
          ],
          [
            -120.5520895339597,
            35.97420125339598
          ],
          [
            -120.5520888479195,
            35.9742011861745
          ],
          [
            -120.5520881084832,
            35.97420111895302
          ],
          [
            -120.552087369047,
            35.97420105173155
          ],
          [
            -120.5520866141208,
            35.97420098451007
          ],
          [
            -120.5520858074631,
            35.97420091728859
          ],
          [
            -120.5520850008054,
            35.97420085006711
          ],
          [
            -120.5520841941477,
            35.97420078284564
          ],
          [
            -120.5520833874899,
            35.97420071562416
          ],
          [
            -120.5520825808322,
            35.97420064840269
          ],
          [
            -120.5520817741745,
            35.97420058118121
          ],
          [
            -120.5520809675168,
            35.97420051395974
          ],
          [
            -120.5520802141208,
            35.97420044673826
          ],
          [
            -120.5520794542013,
            35.97420035903356
          ],
          [
            -120.5520786475436,
            35.9742002245906
          ],
          [
            -120.5520777859597,
            35.97420014507382
          ],
          [
            -120.5520769563758,
            35.97420007785234
          ],
          [
            -120.5520762169396,
            35.97420001063087
          ],
          [
            -120.5520754209127,
            35.9741999434094
          ],
          [
            -120.552074614255,
            35.97419985237584
          ],
          [
            -120.5520738075973,
            35.97419971793288
          ],
          [
            -120.5520730009396,
            35.97419964174497
          ],
          [
            -120.5520721942819,
            35.97419957452349
          ],
          [
            -120.5520713876242,
            35.97419950730201
          ],
          [
            -120.5520705809664,
            35.97419938016107
          ],
          [
            -120.5520697200269,
            35.97419924571813
          ],
          [
            -120.5520687789262,
            35.97419911127517
          ],
          [
            -120.5520679609933,
            35.97419903841611
          ],
          [
            -120.5520671543356,
            35.97419897119463
          ],
          [
            -120.5520663476779,
            35.97419890397315
          ],
          [
            -120.5520654777718,
            35.97419877350335
          ],
          [
            -120.5520646343624,
            35.9741986695302
          ],
          [
            -120.5520638277047,
            35.97419860230873
          ],
          [
            -120.552063021047,
            35.97419853508725
          ],
          [
            -120.5520621501208,
            35.97419843573154
          ],
          [
            -120.5520612090201,
            35.97419830128859
          ],
          [
            -120.5520603344966,
            35.97419823342282
          ],
          [
            -120.5520594944161,
            35.97419813240268
          ],
          [
            -120.5520586867383,
            35.97419799897987
          ],
          [
            -120.5520578128591,
            35.97419793175839
          ],
          [
            -120.5520569035168,
            35.97419782907382
          ],
          [
            -120.5520559651007,
            35.97419769731543
          ],
          [
            -120.5520550912215,
            35.97419763009395
          ],
          [
            -120.5520542173423,
            35.97419756287248
          ],
          [
            -120.5520533434631,
            35.97419749565101
          ],
          [
            -120.5520524695839,
            35.97419742842953
          ],
          [
            -120.5520515957047,
            35.97419732241611
          ],
          [
            -120.5520507218255,
            35.97419718797315
          ],
          [
            -120.5520498479463,
            35.9741970535302
          ],
          [
            -120.5520490145235,
            35.97419691908725
          ],
          [
            -120.5520482001879,
            35.97419679232215
          ],
          [
            -120.5520473263087,
            35.97419672510067
          ],
          [
            -120.5520464103087,
            35.97419661575839
          ],
          [
            -120.5520454878926,
            35.97419649065772
          ],
          [
            -120.5520446812349,
            35.97419642343624
          ],
          [
            -120.5520438307919,
            35.97419635621476
          ],
          [
            -120.5520429679195,
            35.97419628899329
          ],
          [
            -120.5520421612618,
            35.97419622177181
          ],
          [
            -120.5520413091544,
            35.97419610910067
          ],
          [
            -120.5520404352752,
            35.97419596198657
          ],
          [
            -120.552039561396,
            35.97419576032215
          ],
          [
            -120.5520386875168,
            35.97419560577181
          ],
          [
            -120.5520378279732,
            35.97419548566443
          ],
          [
            -120.5520370213154,
            35.97419541844295
          ],
          [
            -120.5520362634362,
            35.97419530244295
          ],
          [
            -120.552035508,
            35.97419516799999
          ],
          [
            -120.5520347013423,
            35.97419503355705
          ],
          [
            -120.5520338946846,
            35.9741948991141
          ],
          [
            -120.5520331056913,
            35.97419476467114
          ],
          [
            -120.552032366255,
            35.97419463022818
          ],
          [
            -120.5520316268188,
            35.97419449578523
          ],
          [
            -120.5520308873825,
            35.97419436134228
          ],
          [
            -120.5520301479463,
            35.97419422689933
          ],
          [
            -120.5520294085101,
            35.97419414622819
          ],
          [
            -120.5520286690738,
            35.97419407900671
          ],
          [
            -120.5520279296376,
            35.97419401178523
          ],
          [
            -120.5520272456376,
            35.97419388912752
          ],
          [
            -120.5520265734228,
            35.97419375468456
          ],
          [
            -120.5520259012081,
            35.97419362024161
          ],
          [
            -120.5520252289933,
            35.97419348579866
          ],
          [
            -120.5520245567785,
            35.9741933513557
          ],
          [
            -120.5520238845638,
            35.97419321691275
          ],
          [
            -120.5520232711141,
            35.9741930824698
          ],
          [
            -120.5520226661208,
            35.97419294802685
          ],
          [
            -120.5520220611275,
            35.97419281358389
          ],
          [
            -120.5520214561342,
            35.97419267914094
          ],
          [
            -120.552020906443,
            35.974192572349
          ],
          [
            -120.5520204358926,
            35.97419250512752
          ],
          [
            -120.5520198411544,
            35.97419237581208
          ],
          [
            -120.5520192654765,
            35.97419224136912
          ],
          [
            -120.5520187277047,
            35.97419210692617
          ],
          [
            -120.5520182536913,
            35.97419203624161
          ],
          [
            -120.5520177211812,
            35.97419193804027
          ],
          [
            -120.5520171161879,
            35.97419180359731
          ],
          [
            -120.5520165766174,
            35.97419173457718
          ],
          [
            -120.5520160388456,
            35.97419163471141
          ],
          [
            -120.5520155010738,
            35.97419150026846
          ],
          [
            -120.5520150303893,
            35.97419143291275
          ],
          [
            -120.5520144912215,
            35.97419133138255
          ],
          [
            -120.5520138877584,
            35.9741911969396
          ],
          [
            -120.5520133499866,
            35.97419106249664
          ],
          [
            -120.5520128122148,
            35.97419096402685
          ],
          [
            -120.5520122776376,
            35.97419089361074
          ],
          [
            -120.5520118070873,
            35.97419075916779
          ],
          [
            -120.5520112988993,
            35.97419062472483
          ],
          [
            -120.5520107611275,
            35.97419049028188
          ],
          [
            -120.5520102233557,
            35.97419035583892
          ],
          [
            -120.5520097248859,
            35.97419022139597
          ],
          [
            -120.5520092412886,
            35.97419008695302
          ],
          [
            -120.5520086362953,
            35.97418995251007
          ],
          [
            -120.5520080722685,
            35.97418981806711
          ],
          [
            -120.5520075344966,
            35.97418969181208
          ],
          [
            -120.5520069967248,
            35.97418962459061
          ],
          [
            -120.5520064163221,
            35.97418951473826
          ],
          [
            -120.5520058310336,
            35.97418939014765
          ],
          [
            -120.5520053604832,
            35.97418932292617
          ],
          [
            -120.5520048013423,
            35.97418925570469
          ],
          [
            -120.5520042078658,
            35.97418918848322
          ],
          [
            -120.552003670094,
            35.97418912126174
          ],
          [
            -120.5520030863624,
            35.97418905404027
          ],
          [
            -120.5520025077315,
            35.9741889868188
          ],
          [
            -120.5520020371812,
            35.97418891959732
          ],
          [
            -120.5520014713826,
            35.97418880475168
          ],
          [
            -120.5520008812349,
            35.97418868515436
          ],
          [
            -120.5520003434631,
            35.97418861793288
          ],
          [
            -120.5519997564027,
            35.9741885507114
          ],
          [
            -120.5519991514094,
            35.97418848348993
          ],
          [
            -120.5519985464161,
            35.97418841626846
          ],
          [
            -120.5519979923758,
            35.97418834904698
          ],
          [
            -120.551997454604,
            35.9741882818255
          ],
          [
            -120.5519969168322,
            35.97418821460403
          ],
          [
            -120.5519963264429,
            35.97418814738255
          ],
          [
            -120.5519957214497,
            35.97418808016107
          ],
          [
            -120.5519951164564,
            35.97418801293959
          ],
          [
            -120.5519945114631,
            35.97418794571812
          ],
          [
            -120.5519939064698,
            35.97418787849664
          ],
          [
            -120.5519933014765,
            35.97418781127517
          ],
          [
            -120.5519927524295,
            35.9741878
          ],
          [
            -120.5519921914899,
            35.97418777683222
          ],
          [
            -120.5519915864966,
            35.97418770961074
          ],
          [
            -120.5519909815034,
            35.97418758477853
          ],
          [
            -120.5519903765101,
            35.97418747516778
          ],
          [
            -120.5519897715168,
            35.97418740794631
          ],
          [
            -120.5519892257986,
            35.9741874
          ],
          [
            -120.5519886615302,
            35.97418737350336
          ],
          [
            -120.5519880565369,
            35.97418730628188
          ],
          [
            -120.551987390604,
            35.9741873
          ],
          [
            -120.5519867747114,
            35.97418727183892
          ],
          [
            -120.5519862369396,
            35.97418720461745
          ],
          [
            -120.5519855739597,
            35.9741872
          ],
          [
            -120.5519849315705,
            35.9741871701745
          ],
          [
            -120.5519843265772,
            35.97418710295302
          ],
          [
            -120.5519837215839,
            35.97418703573155
          ],
          [
            -120.5519830851007,
            35.974187
          ],
          [
            -120.5519824128859,
            35.974187
          ],
          [
            -120.551981806604,
            35.97418693406711
          ],
          [
            -120.5519812016107,
            35.9741869
          ],
          [
            -120.5519805966174,
            35.9741869
          ],
          [
            -120.5519799916242,
            35.9741869
          ],
          [
            -120.5519793518121,
            35.9741869
          ],
          [
            -120.5519786836779,
            35.97418689591946
          ],
          [
            -120.551978145906,
            35.97418676147651
          ],
          [
            -120.551977571651,
            35.9741867
          ],
          [
            -120.551976962953,
            35.9741867
          ],
          [
            -120.5519762907383,
            35.9741867
          ],
          [
            -120.5519756566711,
            35.97418666185235
          ],
          [
            -120.5519750463087,
            35.9741866
          ],
          [
            -120.551974374094,
            35.9741866
          ],
          [
            -120.5519737416913,
            35.97418656018792
          ],
          [
            -120.551973136698,
            35.97418649296645
          ],
          [
            -120.5519725317047,
            35.97418642574497
          ],
          [
            -120.5519718852349,
            35.97418631704698
          ],
          [
            -120.5519712304161,
            35.97418619130201
          ],
          [
            -120.5519706926443,
            35.97418612408053
          ],
          [
            -120.5519701117315,
            35.97418605685906
          ],
          [
            -120.5519694963758,
            35.97418598963759
          ],
          [
            -120.5519688241611,
            35.97418592241611
          ],
          [
            -120.5519681967517,
            35.97418581038927
          ],
          [
            -120.5519675917584,
            35.97418568797315
          ],
          [
            -120.5519669867651,
            35.97418562075168
          ],
          [
            -120.5519663817718,
            35.9741855535302
          ],
          [
            -120.5519657630873,
            35.97418547261745
          ],
          [
            -120.5519650908725,
            35.9741853381745
          ],
          [
            -120.5519645149262,
            35.97418520373154
          ],
          [
            -120.551963946443,
            35.97418506928859
          ],
          [
            -120.5519632742282,
            35.97418493484564
          ],
          [
            -120.5519626020134,
            35.97418475060402
          ],
          [
            -120.5519619297987,
            35.97418456595973
          ],
          [
            -120.5519612575839,
            35.97418443151678
          ],
          [
            -120.5519606368322,
            35.97418424561074
          ],
          [
            -120.5519600131544,
            35.97418404394631
          ],
          [
            -120.5519593409396,
            35.97418384228188
          ],
          [
            -120.5519586687248,
            35.97418364061745
          ],
          [
            -120.5519579965101,
            35.97418343895302
          ],
          [
            -120.5519573242953,
            35.97418323728859
          ],
          [
            -120.5519566520805,
            35.97418303562416
          ],
          [
            -120.5519559798658,
            35.97418281194631
          ],
          [
            -120.551955307651,
            35.9741825430604
          ],
          [
            -120.5519545789799,
            35.97418233063087
          ],
          [
            -120.5519538632215,
            35.97418210528859
          ],
          [
            -120.5519531910067,
            35.97418183640268
          ],
          [
            -120.5519524606711,
            35.97418162563758
          ],
          [
            -120.5519517212349,
            35.97418139863088
          ],
          [
            -120.5519509817987,
            35.97418112974497
          ],
          [
            -120.5519503021476,
            35.97418098042953
          ],
          [
            -120.5519496029262,
            35.97418079197315
          ],
          [
            -120.5519488634899,
            35.97418052308725
          ],
          [
            -120.5519481855033,
            35.974180315651
          ],
          [
            -120.5519474846174,
            35.97418011398658
          ],
          [
            -120.5519467451812,
            35.97417991232215
          ],
          [
            -120.5519460688591,
            35.97417971065772
          ],
          [
            -120.5519453663087,
            35.97417953932886
          ],
          [
            -120.5519446268725,
            35.9741794048859
          ],
          [
            -120.5519439522148,
            35.97417920566443
          ],
          [
            -120.55194328,
            35.974179004
          ],
          [
            -120.5519426077852,
            35.97417880233557
          ],
          [
            -120.5519418691275,
            35.9741786671141
          ],
          [
            -120.5519411633557,
            35.97417849900671
          ],
          [
            -120.551940490255,
            35.97417829822819
          ],
          [
            -120.5519397508188,
            35.97417816378524
          ],
          [
            -120.5519390467114,
            35.97417799401342
          ],
          [
            -120.5519383719463,
            35.97417779489933
          ],
          [
            -120.5519376325101,
            35.97417766045638
          ],
          [
            -120.5519368930738,
            35.97417748902014
          ],
          [
            -120.5519361536376,
            35.97417729157047
          ],
          [
            -120.5519354142013,
            35.97417715712751
          ],
          [
            -120.5519346747651,
            35.97417698402685
          ],
          [
            -120.5519339412081,
            35.97417678236242
          ],
          [
            -120.5519332689933,
            35.97417658069799
          ],
          [
            -120.5519325564564,
            35.97417641935571
          ],
          [
            -120.5519318170201,
            35.97417627736913
          ],
          [
            -120.5519310775839,
            35.9741760757047
          ],
          [
            -120.5519303381476,
            35.97417591602684
          ],
          [
            -120.5519295987114,
            35.97417578158389
          ],
          [
            -120.5519288592752,
            35.97417564714094
          ],
          [
            -120.5519281198389,
            35.97417546904698
          ],
          [
            -120.5519273804027,
            35.97417527825503
          ],
          [
            -120.5519266409664,
            35.97417514381208
          ],
          [
            -120.5519259015302,
            35.97417500936913
          ],
          [
            -120.551925162094,
            35.97417487492618
          ],
          [
            -120.5519244226577,
            35.97417474048322
          ],
          [
            -120.5519236362416,
            35.9741745590604
          ],
          [
            -120.5519228437852,
            35.97417437159731
          ],
          [
            -120.551922104349,
            35.97417423715437
          ],
          [
            -120.5519213649128,
            35.97417410271141
          ],
          [
            -120.5519206254765,
            35.97417395240268
          ],
          [
            -120.5519198860403,
            35.97417375073825
          ],
          [
            -120.551919146604,
            35.97417364969127
          ],
          [
            -120.5519184071678,
            35.9741735649396
          ],
          [
            -120.5519176677315,
            35.97417343049664
          ],
          [
            -120.5519169282953,
            35.97417334802685
          ],
          [
            -120.5519161888591,
            35.97417326161074
          ],
          [
            -120.5519154494228,
            35.97417312716779
          ],
          [
            -120.5519147099866,
            35.97417304636242
          ],
          [
            -120.5519139914094,
            35.97417295828188
          ],
          [
            -120.5519133191946,
            35.97417282383893
          ],
          [
            -120.5519125916778,
            35.97417274469798
          ],
          [
            -120.5519118522416,
            35.97417267747651
          ],
          [
            -120.5519111128054,
            35.97417261025504
          ],
          [
            -120.5519104303356,
            35.97417254303356
          ],
          [
            -120.5519097339329,
            35.97417247581208
          ],
          [
            -120.5519089944966,
            35.9741724085906
          ],
          [
            -120.5519083136913,
            35.97417228273825
          ],
          [
            -120.5519076156242,
            35.9741722
          ],
          [
            -120.5519068761879,
            35.9741722
          ],
          [
            -120.5519061367517,
            35.9741721397047
          ],
          [
            -120.5519054248322,
            35.9741721
          ],
          [
            -120.5519047526174,
            35.9741721
          ],
          [
            -120.5519040804027,
            35.9741721
          ],
          [
            -120.5519033790067,
            35.97417207081879
          ],
          [
            -120.5519026395705,
            35.97417200359732
          ],
          [
            -120.5519019637584,
            35.974172
          ],
          [
            -120.5519012915436,
            35.974172
          ],
          [
            -120.5519006193289,
            35.974172
          ],
          [
            -120.5518998818255,
            35.974172
          ],
          [
            -120.5518991748993,
            35.974172
          ],
          [
            -120.5518985026846,
            35.974172
          ],
          [
            -120.5518977635168,
            35.97417193304698
          ],
          [
            -120.5518970240805,
            35.9741719
          ],
          [
            -120.5518962860403,
            35.97417190139598
          ],
          [
            -120.5518956138255,
            35.97417196861745
          ],
          [
            -120.5518949057718,
            35.974172
          ],
          [
            -120.5518941632752,
            35.974172
          ],
          [
            -120.5518933566175,
            35.974172
          ],
          [
            -120.5518926249664,
            35.974172
          ],
          [
            -120.5518919480268,
            35.97417200472484
          ],
          [
            -120.5518912085906,
            35.97417207194631
          ],
          [
            -120.5518904691544,
            35.9741721
          ],
          [
            -120.5518897297181,
            35.97417210638926
          ],
          [
            -120.5518889902819,
            35.97417217361074
          ],
          [
            -120.5518882916779,
            35.97417224083221
          ],
          [
            -120.5518876114094,
            35.97417230805369
          ],
          [
            -120.5518868719732,
            35.97417237527517
          ],
          [
            -120.5518861325369,
            35.9741724
          ],
          [
            -120.5518854028188,
            35.9741724
          ],
          [
            -120.551884730604,
            35.9741724
          ],
          [
            -120.5518840142282,
            35.97417244416108
          ],
          [
            -120.5518832747919,
            35.9741725
          ],
          [
            -120.5518825353557,
            35.9741725
          ],
          [
            -120.5518817959195,
            35.9741725458255
          ],
          [
            -120.5518810564832,
            35.97417261304698
          ],
          [
            -120.551880317047,
            35.97417268026845
          ],
          [
            -120.5518796251007,
            35.9741727
          ],
          [
            -120.5518789528859,
            35.97417271471141
          ],
          [
            -120.5518782806711,
            35.97417278193289
          ],
          [
            -120.5518776084564,
            35.97417284915436
          ],
          [
            -120.5518769526174,
            35.9741729
          ],
          [
            -120.5518763476242,
            35.9741729
          ],
          [
            -120.5518757426309,
            35.9741729
          ],
          [
            -120.5518751556779,
            35.97417291804027
          ],
          [
            -120.551874617906,
            35.97417298526175
          ],
          [
            -120.5518740801342,
            35.974173
          ],
          [
            -120.5518735817718,
            35.9741730197047
          ],
          [
            -120.5518731784429,
            35.97417308692618
          ],
          [
            -120.5518727209664,
            35.9741731
          ],
          [
            -120.5518722504161,
            35.9741731
          ],
          [
            -120.5518717798658,
            35.9741731
          ],
          [
            -120.5518713651275,
            35.97417315581208
          ],
          [
            -120.5518709617987,
            35.97417322303356
          ],
          [
            -120.5518705584698,
            35.97417329025503
          ],
          [
            -120.5518700976644,
            35.97417335747651
          ],
          [
            -120.5518696765101,
            35.9741734
          ],
          [
            -120.5518693404027,
            35.9741734
          ],
          [
            -120.5518688860134,
            35.97417345914094
          ],
          [
            -120.5518684154631,
            35.9741735
          ],
          [
            -120.5518679449128,
            35.9741735
          ],
          [
            -120.5518675959732,
            35.97417356080537
          ],
          [
            -120.5518672318389,
            35.9741736
          ],
          [
            -120.5518668285101,
            35.9741736
          ],
          [
            -120.551866487651,
            35.9741736
          ],
          [
            -120.5518661218523,
            35.9741736
          ],
          [
            -120.5518657185235,
            35.9741736
          ],
          [
            -120.5518653151946,
            35.97417366413423
          ],
          [
            -120.5518649432215,
            35.9741737
          ],
          [
            -120.5518646071141,
            35.9741737
          ],
          [
            -120.5518642710067,
            35.9741737
          ],
          [
            -120.5518639018792,
            35.9741737
          ],
          [
            -120.5518634985503,
            35.9741737
          ],
          [
            -120.5518630952215,
            35.9741737
          ],
          [
            -120.5518627265772,
            35.9741737
          ],
          [
            -120.5518623885638,
            35.97417369809396
          ],
          [
            -120.5518619852349,
            35.97417363087249
          ],
          [
            -120.551861654604,
            35.97417363634899
          ],
          [
            -120.5518613785772,
            35.9741737
          ],
          [
            -120.5518609752483,
            35.9741737
          ],
          [
            -120.5518606859597,
            35.97417366198658
          ],
          [
            -120.5518604790604,
            35.9741735947651
          ],
          [
            -120.5518602101745,
            35.97417352754363
          ],
          [
            -120.5518599412886,
            35.9741735
          ],
          [
            -120.551859679302,
            35.97417348620134
          ],
          [
            -120.5518594776376,
            35.97417335175839
          ],
          [
            -120.5518592759732,
            35.97417325865771
          ],
          [
            -120.551859065745,
            35.97417319143624
          ],
          [
            -120.5518587968591,
            35.97417312421477
          ],
          [
            -120.5518585709799,
            35.97417305699329
          ],
          [
            -120.5518583693154,
            35.97417298977182
          ],
          [
            -120.551858167651,
            35.97417292255034
          ],
          [
            -120.5518579659866,
            35.97417285532886
          ],
          [
            -120.5518577524295,
            35.97417278810738
          ],
          [
            -120.5518574835436,
            35.9741727208859
          ],
          [
            -120.5518572609933,
            35.97417265366443
          ],
          [
            -120.5518570593289,
            35.97417257288591
          ],
          [
            -120.5518568576644,
            35.97417243844296
          ],
          [
            -120.551856608,
            35.974172352
          ],
          [
            -120.5518563695571,
            35.97417228477853
          ],
          [
            -120.5518562351141,
            35.97417221755705
          ],
          [
            -120.5518560510067,
            35.97417210067114
          ],
          [
            -120.5518558493423,
            35.9741719831141
          ],
          [
            -120.5518556476779,
            35.97417191589262
          ],
          [
            -120.5518554973423,
            35.97417184867114
          ],
          [
            -120.5518553257987,
            35.97417178144966
          ],
          [
            -120.5518550569128,
            35.97417171422818
          ],
          [
            -120.5518548940134,
            35.97417159401342
          ],
          [
            -120.5518547595705,
            35.97417147978523
          ],
          [
            -120.5518546251275,
            35.97417141256376
          ],
          [
            -120.5518544906846,
            35.97417134534228
          ],
          [
            -120.5518543124832,
            35.97417125624161
          ],
          [
            -120.5518540435973,
            35.97417112179865
          ],
          [
            -120.5518539436779,
            35.97417104367785
          ],
          [
            -120.5518538529127,
            35.97417095291275
          ],
          [
            -120.5518537184698,
            35.9741708184698
          ],
          [
            -120.5518535840268,
            35.97417068402684
          ],
          [
            -120.5518534495839,
            35.9741705495839
          ],
          [
            -120.5518533151409,
            35.97417041514094
          ],
          [
            -120.551853240349,
            35.97417022104698
          ],
          [
            -120.551853146255,
            35.97417004625503
          ],
          [
            -120.5518530118121,
            35.97416991181208
          ],
          [
            -120.5518529386846,
            35.97416971605369
          ],
          [
            -120.5518528714631,
            35.97416948585235
          ],
          [
            -120.5518528042416,
            35.97416921696644
          ],
          [
            -120.5518527370201,
            35.97416907404027
          ],
          [
            -120.5518526395973,
            35.97416890939598
          ],
          [
            -120.5518525051544,
            35.97416870773154
          ],
          [
            -120.5518522414228,
            35.97416850606712
          ],
          [
            -120.5518520362685,
            35.97416833626846
          ],
          [
            -120.5518519018255,
            35.97416820182551
          ],
          [
            -120.5518517010738,
            35.97416800107383
          ],
          [
            -120.5518514658792,
            35.9741678664698
          ],
          [
            -120.5518511954899,
            35.97416779849664
          ],
          [
            -120.5518507921611,
            35.97416766405369
          ],
          [
            -120.5518504240268,
            35.97416749441611
          ],
          [
            -120.5518500830872,
            35.97416729516778
          ],
          [
            -120.5518496125369,
            35.97416716072483
          ],
          [
            -120.5518491419866,
            35.97416702628188
          ],
          [
            -120.5518486755168,
            35.97416688775839
          ],
          [
            -120.5518482721879,
            35.97416668609396
          ],
          [
            -120.5518477532886,
            35.97416652295302
          ],
          [
            -120.5518471540403,
            35.97416638276511
          ],
          [
            -120.5518466162685,
            35.97416618110067
          ],
          [
            -120.5518460784966,
            35.97416597943624
          ],
          [
            -120.5518455333154,
            35.97416577777182
          ],
          [
            -120.5518449283222,
            35.97416557610738
          ],
          [
            -120.5518443233289,
            35.97416537444295
          ],
          [
            -120.5518437092617,
            35.9741651637047
          ],
          [
            -120.551843037047,
            35.97416489481879
          ],
          [
            -120.551842408349,
            35.97416466944966
          ],
          [
            -120.5518418033557,
            35.97416445704698
          ],
          [
            -120.5518411983624,
            35.97416418816108
          ],
          [
            -120.5518405481879,
            35.97416391927517
          ],
          [
            -120.5518398635705,
            35.97416366279194
          ],
          [
            -120.5518391241342,
            35.97416346112752
          ],
          [
            -120.5518384315436,
            35.97416321261745
          ],
          [
            -120.5518377452617,
            35.97416295779865
          ],
          [
            -120.5518370058255,
            35.97416275613423
          ],
          [
            -120.5518362663893,
            35.9741625544698
          ],
          [
            -120.5518355112215,
            35.97416235280537
          ],
          [
            -120.5518347045638,
            35.97416215114094
          ],
          [
            -120.5518339480805,
            35.97416189930202
          ],
          [
            -120.5518331912483,
            35.97416164781208
          ],
          [
            -120.5518323845906,
            35.97416144614765
          ],
          [
            -120.5518315779329,
            35.97416129632214
          ],
          [
            -120.5518307522148,
            35.97416114281879
          ],
          [
            -120.5518298783356,
            35.97416094115437
          ],
          [
            -120.5518290044564,
            35.97416073948993
          ],
          [
            -120.5518281305772,
            35.9741605378255
          ],
          [
            -120.551827256698,
            35.97416033616108
          ],
          [
            -120.5518263828188,
            35.97416013449664
          ],
          [
            -120.5518254641611,
            35.97415993283222
          ],
          [
            -120.5518244558389,
            35.97415973116779
          ],
          [
            -120.551823504349,
            35.97415958633557
          ],
          [
            -120.551822587302,
            35.97415945189262
          ],
          [
            -120.5518217134228,
            35.97415931744966
          ],
          [
            -120.5518206640537,
            35.97415924150336
          ],
          [
            -120.5518196399463,
            35.97415917428188
          ],
          [
            -120.5518186988456,
            35.9741591070604
          ],
          [
            -120.5518176374228,
            35.97415897967785
          ],
          [
            -120.5518165892617,
            35.97415892738255
          ],
          [
            -120.5518155809396,
            35.97415899460402
          ],
          [
            -120.5518144489665,
            35.9741590618255
          ],
          [
            -120.5518133062014,
            35.9741591
          ],
          [
            -120.5518121634363,
            35.9741591
          ],
          [
            -120.5518109571812,
            35.97415922697986
          ],
          [
            -120.5518097164832,
            35.97415939213423
          ],
          [
            -120.5518084392752,
            35.97415959379866
          ],
          [
            -120.5518071620671,
            35.97415986061745
          ],
          [
            -120.5518058524832,
            35.9741601618792
          ],
          [
            -120.5518045080537,
            35.97416049798658
          ],
          [
            -120.5518030299866,
            35.97416096773154
          ],
          [
            -120.5518015851544,
            35.97416143828188
          ],
          [
            -120.5518001747651,
            35.9741619113557
          ],
          [
            -120.5517988303356,
            35.974162516349
          ],
          [
            -120.5517974502013,
            35.97416312134228
          ],
          [
            -120.5517960385503,
            35.97416373218792
          ],
          [
            -120.5517946268993,
            35.97416447162416
          ],
          [
            -120.5517932526175,
            35.97416524842953
          ],
          [
            -120.5517919127785,
            35.97416605508725
          ],
          [
            -120.5517906355705,
            35.97416686174496
          ],
          [
            -120.5517893193289,
            35.9741677464698
          ],
          [
            -120.5517879748993,
            35.97416870008053
          ],
          [
            -120.5517866304698,
            35.97416977562416
          ],
          [
            -120.5517853267383,
            35.9741708104698
          ],
          [
            -120.5517840495302,
            35.97417183463087
          ],
          [
            -120.5517827723221,
            35.97417297739597
          ],
          [
            -120.5517814951141,
            35.97417412016107
          ],
          [
            -120.551780217906,
            35.97417524375839
          ],
          [
            -120.551778940698,
            35.97417625208054
          ],
          [
            -120.5517776634899,
            35.97417734845637
          ],
          [
            -120.5517763975302,
            35.97417849122147
          ],
          [
            -120.5517751875436,
            35.97417963398657
          ],
          [
            -120.551773977557,
            35.9741807310604
          ],
          [
            -120.5517727675705,
            35.97418180660403
          ],
          [
            -120.5517715575839,
            35.97418288214765
          ],
          [
            -120.551770394953,
            35.97418400504698
          ],
          [
            -120.5517692376107,
            35.9741851332349
          ],
          [
            -120.5517680276242,
            35.97418620877853
          ],
          [
            -120.5517669156778,
            35.97418733334229
          ],
          [
            -120.5517658401342,
            35.97418847610739
          ],
          [
            -120.5517647645906,
            35.97418961887248
          ],
          [
            -120.5517637397315,
            35.97419071095302
          ],
          [
            -120.5517627672215,
            35.97419178649665
          ],
          [
            -120.5517618933423,
            35.97419286204027
          ],
          [
            -120.5517609671141,
            35.9741938852349
          ],
          [
            -120.5517600455839,
            35.97419493269798
          ],
          [
            -120.5517591717047,
            35.97419607546309
          ],
          [
            -120.5517582978255,
            35.97419721822819
          ],
          [
            -120.5517574664161,
            35.97419833975839
          ],
          [
            -120.5517567269799,
            35.97419941530201
          ],
          [
            -120.5517559318658,
            35.97420060220134
          ],
          [
            -120.5517551481074,
            35.97420178928859
          ],
          [
            -120.5517544086711,
            35.97420293205369
          ],
          [
            -120.5517536692349,
            35.97420407481879
          ],
          [
            -120.5517529543624,
            35.97420521758389
          ],
          [
            -120.5517522821476,
            35.97420636034899
          ],
          [
            -120.5517515509262,
            35.9742075621208
          ],
          [
            -120.5517508377181,
            35.97420871965101
          ],
          [
            -120.5517501655034,
            35.97420979519463
          ],
          [
            -120.5517494932886,
            35.9742109314094
          ],
          [
            -120.5517488489664,
            35.97421210206711
          ],
          [
            -120.5517482439732,
            35.97421331205368
          ],
          [
            -120.5517476389799,
            35.9742144597047
          ],
          [
            -120.5517470635436,
            35.97421563202685
          ],
          [
            -120.5517465257718,
            35.97421684201343
          ],
          [
            -120.551745988,
            35.974217988
          ],
          [
            -120.5517454814497,
            35.9742191307651
          ],
          [
            -120.5517450108993,
            35.9742202735302
          ],
          [
            -120.5517444090201,
            35.9742214162953
          ],
          [
            -120.5517438697987,
            35.97422259194631
          ],
          [
            -120.5517433991409,
            35.9742238018255
          ],
          [
            -120.5517428613691,
            35.9742249445906
          ],
          [
            -120.5517422544966,
            35.97422608735571
          ],
          [
            -120.5517415858255,
            35.9742272301208
          ],
          [
            -120.5517410480537,
            35.9742283728859
          ],
          [
            -120.5517405102819,
            35.974229515651
          ],
          [
            -120.5517399656376,
            35.9742306584161
          ],
          [
            -120.5517392934228,
            35.9742318011812
          ],
          [
            -120.5517386969664,
            35.9742329439463
          ],
          [
            -120.551738154094,
            35.97423408671141
          ],
          [
            -120.5517375491007,
            35.97423522947651
          ],
          [
            -120.5517369441074,
            35.97423637224161
          ],
          [
            -120.5517363391141,
            35.97423750824161
          ],
          [
            -120.5517357341208,
            35.97423858378523
          ],
          [
            -120.5517351291275,
            35.97423970053691
          ],
          [
            -120.5517345157047,
            35.97424083487249
          ],
          [
            -120.5517338434899,
            35.97424191041611
          ],
          [
            -120.5517332141477,
            35.97424298595973
          ],
          [
            -120.5517326192483,
            35.97424406150336
          ],
          [
            -120.5517320814765,
            35.97424513704698
          ],
          [
            -120.5517314991678,
            35.97424621259061
          ],
          [
            -120.5517309059329,
            35.97424728813423
          ],
          [
            -120.5517303681611,
            35.97424836367785
          ],
          [
            -120.5517298303893,
            35.97424948542282
          ],
          [
            -120.5517293060403,
            35.97425060134228
          ],
          [
            -120.5517288354899,
            35.97425160966443
          ],
          [
            -120.5517283170738,
            35.9742525701208
          ],
          [
            -120.5517278094765,
            35.97425352630872
          ],
          [
            -120.5517274061476,
            35.97425453463087
          ],
          [
            -120.5517269532886,
            35.97425554295302
          ],
          [
            -120.5517264659866,
            35.97425655127517
          ],
          [
            -120.5517259282148,
            35.97425755959731
          ],
          [
            -120.551725390443,
            35.9742586191141
          ],
          [
            -120.5517248710873,
            35.97425967624161
          ],
          [
            -120.5517244005369,
            35.97426068456376
          ],
          [
            -120.5517239299866,
            35.97426164002685
          ],
          [
            -120.5517234594362,
            35.97426260120805
          ],
          [
            -120.5517229888859,
            35.9742636095302
          ],
          [
            -120.5517225183356,
            35.97426461785235
          ],
          [
            -120.5517220695302,
            35.9742656261745
          ],
          [
            -120.5517216662013,
            35.97426663449664
          ],
          [
            -120.5517212066846,
            35.97426758663087
          ],
          [
            -120.5517207595436,
            35.97426855114094
          ],
          [
            -120.5517203562148,
            35.97426955946309
          ],
          [
            -120.5517199528859,
            35.97427056778523
          ],
          [
            -120.5517194994094,
            35.97427157610738
          ],
          [
            -120.5517189616376,
            35.97427258442953
          ],
          [
            -120.5517186619329,
            35.97427359275168
          ],
          [
            -120.5517183395705,
            35.97427460107383
          ],
          [
            -120.5517179362416,
            35.97427560939597
          ],
          [
            -120.551717594094,
            35.97427661771813
          ],
          [
            -120.5517172579866,
            35.97427765444296
          ],
          [
            -120.5517169218792,
            35.97427872998658
          ],
          [
            -120.5517166486174,
            35.97427974268456
          ],
          [
            -120.5517163496644,
            35.97428075100671
          ],
          [
            -120.551716013557,
            35.97428175932886
          ],
          [
            -120.5517156774497,
            35.97428276765101
          ],
          [
            -120.5517153730738,
            35.9742838077047
          ],
          [
            -120.5517151041879,
            35.97428488324832
          ],
          [
            -120.5517149014765,
            35.97428589261744
          ],
          [
            -120.5517146664161,
            35.9742869009396
          ],
          [
            -120.5517143975302,
            35.97428790864429
          ],
          [
            -120.5517141286443,
            35.97428884974497
          ],
          [
            -120.5517138597584,
            35.97428982590604
          ],
          [
            -120.5517135954362,
            35.97429082966443
          ],
          [
            -120.5517134609933,
            35.97429170354362
          ],
          [
            -120.5517132531007,
            35.97429261414765
          ],
          [
            -120.5517129842148,
            35.97429355130202
          ],
          [
            -120.5517127153289,
            35.97429442518121
          ],
          [
            -120.5517124848322,
            35.97429533744967
          ],
          [
            -120.5517122831678,
            35.97429626732886
          ],
          [
            -120.5517120815034,
            35.97429707398658
          ],
          [
            -120.5517118798389,
            35.97429788064429
          ],
          [
            -120.5517116708993,
            35.97429868730201
          ],
          [
            -120.5517114020134,
            35.97429949395973
          ],
          [
            -120.5517112165638,
            35.97430025889933
          ],
          [
            -120.5517110731812,
            35.97430099833557
          ],
          [
            -120.5517108715168,
            35.97430173777182
          ],
          [
            -120.5517107132349,
            35.97430243382551
          ],
          [
            -120.5517105575839,
            35.97430310604027
          ],
          [
            -120.551710288698,
            35.97430377825503
          ],
          [
            -120.551710109906,
            35.97430445046979
          ],
          [
            -120.5517099631946,
            35.97430512268456
          ],
          [
            -120.5517097615302,
            35.97430579489933
          ],
          [
            -120.5517095131544,
            35.9743065138255
          ],
          [
            -120.5517092721342,
            35.97430722539597
          ],
          [
            -120.5517091376913,
            35.97430783038926
          ],
          [
            -120.5517090032483,
            35.97430838700672
          ],
          [
            -120.5517088532081,
            35.9743088935839
          ],
          [
            -120.5517086515436,
            35.97430929691276
          ],
          [
            -120.5517084999195,
            35.97430970024161
          ],
          [
            -120.5517083654765,
            35.97431010357047
          ],
          [
            -120.5517082310335,
            35.97431050689933
          ],
          [
            -120.5517080965906,
            35.97431085852349
          ],
          [
            -120.5517079810738,
            35.97431121355705
          ],
          [
            -120.5517079138523,
            35.97431161688591
          ],
          [
            -120.5517077398926,
            35.97431191347651
          ],
          [
            -120.5517075588188,
            35.97431218236242
          ],
          [
            -120.5517074243758,
            35.97431245124832
          ],
          [
            -120.5517072899329,
            35.97431272013423
          ],
          [
            -120.5517071332349,
            35.97431298902013
          ],
          [
            -120.5517069315705,
            35.97431325790604
          ],
          [
            -120.551706786604,
            35.97431352679195
          ],
          [
            -120.5517066521611,
            35.97431381959732
          ],
          [
            -120.5517065177181,
            35.9743141557047
          ],
          [
            -120.5517063249127,
            35.97431437508725
          ],
          [
            -120.5517061744161,
            35.97431460233557
          ],
          [
            -120.5517061071946,
            35.97431487122148
          ],
          [
            -120.5517059799463,
            35.97431508008054
          ],
          [
            -120.551705818255,
            35.97431533624161
          ],
          [
            -120.5517056165906,
            35.97431567234899
          ],
          [
            -120.5517055383087,
            35.97431588507383
          ],
          [
            -120.5517054421745,
            35.97431614456376
          ],
          [
            -120.5517053077315,
            35.97431648067114
          ],
          [
            -120.5517051732886,
            35.97431675342282
          ],
          [
            -120.5517050082685,
            35.9743170528859
          ],
          [
            -120.551704806604,
            35.97431738899328
          ],
          [
            -120.5517046699597,
            35.97431766008054
          ],
          [
            -120.5517044387919,
            35.97431792896644
          ],
          [
            -120.5517041026846,
            35.97431819785235
          ],
          [
            -120.5517038999463,
            35.97431866679194
          ],
          [
            -120.5517035965638,
            35.97431913734228
          ],
          [
            -120.5517031921074,
            35.97431960789262
          ],
          [
            -120.551702721557,
            35.97432007844296
          ],
          [
            -120.5517022154362,
            35.97432058456376
          ],
          [
            -120.5517016776644,
            35.97432112233557
          ],
          [
            -120.5517011398926,
            35.97432166010738
          ],
          [
            -120.551700527651,
            35.97432223511409
          ],
          [
            -120.5516998554362,
            35.97432284456376
          ],
          [
            -120.5516991832215,
            35.97432351677853
          ],
          [
            -120.5516983943087,
            35.97432422789262
          ],
          [
            -120.5516975143087,
            35.97432497344966
          ],
          [
            -120.551696573208,
            35.97432578010738
          ],
          [
            -120.5516955509799,
            35.97432662732886
          ],
          [
            -120.5516944754362,
            35.97432750899329
          ],
          [
            -120.5516933998926,
            35.97432845009396
          ],
          [
            -120.5516922398926,
            35.97432943342282
          ],
          [
            -120.5516910110067,
            35.9743304606443
          ],
          [
            -120.5516896665772,
            35.9743316034094
          ],
          [
            -120.5516882343624,
            35.97433283395973
          ],
          [
            -120.5516867443758,
            35.97433410005369
          ],
          [
            -120.5516851982819,
            35.97433531004027
          ],
          [
            -120.551683697745,
            35.97433656558389
          ],
          [
            -120.5516821933154,
            35.97433788112752
          ],
          [
            -120.55168058,
            35.97433936
          ],
          [
            -120.5516788250201,
            35.97434079165101
          ],
          [
            -120.5516770244832,
            35.97434224663087
          ],
          [
            -120.5516752767248,
            35.97434385994631
          ],
          [
            -120.5516734800805,
            35.97434552214765
          ],
          [
            -120.5516716328859,
            35.97434723489933
          ],
          [
            -120.5516696834631,
            35.97434904987919
          ],
          [
            -120.5516677340403,
            35.97435096595974
          ],
          [
            -120.5516657668456,
            35.97435291538255
          ],
          [
            -120.5516637502013,
            35.97435486480537
          ],
          [
            -120.551661733557,
            35.97435686644295
          ],
          [
            -120.551659658604,
            35.97435892195973
          ],
          [
            -120.5516574402953,
            35.97436107304698
          ],
          [
            -120.5516552758658,
            35.97436333189262
          ],
          [
            -120.5516530614765,
            35.97436563852349
          ],
          [
            -120.5516507087248,
            35.97436799127517
          ],
          [
            -120.5516483559732,
            35.97437051065772
          ],
          [
            -120.5516459804564,
            35.97437306507383
          ],
          [
            -120.5516435604832,
            35.97437561948993
          ],
          [
            -120.5516411977181,
            35.97437828832214
          ],
          [
            -120.5516387961074,
            35.97438105046979
          ],
          [
            -120.5516363089127,
            35.97438394099328
          ],
          [
            -120.5516338217181,
            35.97438683151677
          ],
          [
            -120.5516312823356,
            35.97438980032214
          ],
          [
            -120.551628660698,
            35.97439289251007
          ],
          [
            -120.5516260390604,
            35.97439610577182
          ],
          [
            -120.551623361906,
            35.97439938791946
          ],
          [
            -120.5516206058255,
            35.97440274899329
          ],
          [
            -120.5516179119463,
            35.97440617226846
          ],
          [
            -120.5516151936644,
            35.9744096594094
          ],
          [
            -120.5516124375839,
            35.97441322214765
          ],
          [
            -120.5516095537718,
            35.97441691261745
          ],
          [
            -120.5516066632483,
            35.97442067197316
          ],
          [
            -120.5516037727248,
            35.97442450359731
          ],
          [
            -120.5516007511409,
            35.97442840075168
          ],
          [
            -120.5515977261745,
            35.97443236510068
          ],
          [
            -120.551594701208,
            35.97443639838927
          ],
          [
            -120.5515916762416,
            35.97444063326174
          ],
          [
            -120.5515885480268,
            35.97444486821476
          ],
          [
            -120.5515853230335,
            35.97444910808053
          ],
          [
            -120.5515821636242,
            35.97445354469799
          ],
          [
            -120.5515789320537,
            35.97445805347651
          ],
          [
            -120.5515756348993,
            35.97446263114094
          ],
          [
            -120.5515722738255,
            35.9744673366443
          ],
          [
            -120.5515689127517,
            35.97447207989261
          ],
          [
            -120.5515655467114,
            35.97447686751678
          ],
          [
            -120.5515621184161,
            35.97448184190604
          ],
          [
            -120.5515586507114,
            35.9744868162953
          ],
          [
            -120.5515551485638,
            35.97449181720805
          ],
          [
            -120.5515515858255,
            35.97449706048322
          ],
          [
            -120.5515479409396,
            35.97450230375839
          ],
          [
            -120.5515442520537,
            35.97450757191947
          ],
          [
            -120.551540622094,
            35.97451301685906
          ],
          [
            -120.5515369066577,
            35.97451850453691
          ],
          [
            -120.551533142255,
            35.97452404657718
          ],
          [
            -120.5515293778523,
            35.97452976040268
          ],
          [
            -120.551525569047,
            35.97453551863087
          ],
          [
            -120.5515217374228,
            35.97454132292618
          ],
          [
            -120.5515179057986,
            35.97454723841611
          ],
          [
            -120.5515140281074,
            35.97455329210738
          ],
          [
            -120.5515101026846,
            35.97455940926174
          ],
          [
            -120.551506069396,
            35.97456552641611
          ],
          [
            -120.5515021315705,
            35.97457169130201
          ],
          [
            -120.5514982177718,
            35.97457790558389
          ],
          [
            -120.5514942517047,
            35.97458422440268
          ],
          [
            -120.5514902362416,
            35.97459054322147
          ],
          [
            -120.5514862195705,
            35.97459686204026
          ],
          [
            -120.5514822535034,
            35.97460318085906
          ],
          [
            -120.5514781853154,
            35.97460949967785
          ],
          [
            -120.5514741213691,
            35.97461581849664
          ],
          [
            -120.551470155302,
            35.97462213731544
          ],
          [
            -120.5514660837852,
            35.97462850885906
          ],
          [
            -120.5514619832752,
            35.97463489489932
          ],
          [
            -120.5514578827651,
            35.9746412809396
          ],
          [
            -120.5514538366443,
            35.9746476125906
          ],
          [
            -120.551449781745,
            35.97465393140939
          ],
          [
            -120.5514456812349,
            35.97466025022819
          ],
          [
            -120.5514415807248,
            35.97466662510067
          ],
          [
            -120.5514374802148,
            35.9746729645906
          ],
          [
            -120.5514333797047,
            35.97467921618792
          ],
          [
            -120.5514292791946,
            35.97468546778524
          ],
          [
            -120.5514252036241,
            35.97469171938255
          ],
          [
            -120.5514211703356,
            35.97469797097986
          ],
          [
            -120.5514170776644,
            35.97470422257718
          ],
          [
            -120.5514130037584,
            35.97471047417449
          ],
          [
            -120.5514089704698,
            35.97471672577181
          ],
          [
            -120.5514048761342,
            35.97472297736913
          ],
          [
            -120.5514007756242,
            35.97472922896644
          ],
          [
            -120.5513966751141,
            35.97473548056376
          ],
          [
            -120.5513925118926,
            35.97474173216107
          ],
          [
            -120.5513883142282,
            35.97474801369128
          ],
          [
            -120.5513840792752,
            35.97475433251007
          ],
          [
            -120.551379908698,
            35.97476065132886
          ],
          [
            -120.5513757093691,
            35.97476700174497
          ],
          [
            -120.5513714744161,
            35.97477338778523
          ],
          [
            -120.5513671734228,
            35.9747797738255
          ],
          [
            -120.5513628712483,
            35.97478615986577
          ],
          [
            -120.5513585681074,
            35.97479254638926
          ],
          [
            -120.5513541314899,
            35.97479899965101
          ],
          [
            -120.5513496599463,
            35.97480548783892
          ],
          [
            -120.551345158255,
            35.9748120104698
          ],
          [
            -120.5513407216376,
            35.97481859817449
          ],
          [
            -120.5513362118389,
            35.9748252224698
          ],
          [
            -120.5513316331544,
            35.97483187739597
          ],
          [
            -120.551326927651,
            35.97483853232215
          ],
          [
            -120.5513222221476,
            35.97484526375839
          ],
          [
            -120.5513175166443,
            35.97485205860403
          ],
          [
            -120.5513128111409,
            35.97485891519463
          ],
          [
            -120.5513080257987,
            35.97486577178523
          ],
          [
            -120.5513031715705,
            35.97487264265772
          ],
          [
            -120.5512981971812,
            35.97487963369127
          ],
          [
            -120.5512931396242,
            35.97488670789262
          ],
          [
            -120.551288030792,
            35.97489385097987
          ],
          [
            -120.5512829219597,
            35.97490111089933
          ],
          [
            -120.5512777698792,
            35.97490841406712
          ],
          [
            -120.5512725728859,
            35.97491576214765
          ],
          [
            -120.5512672623893,
            35.97492322373154
          ],
          [
            -120.5512619069799,
            35.97493077514094
          ],
          [
            -120.5512565292617,
            35.97493840757047
          ],
          [
            -120.5512511515436,
            35.97494620526174
          ],
          [
            -120.5512456806711,
            35.97495409610738
          ],
          [
            -120.5512401271141,
            35.97496205583893
          ],
          [
            -120.5512344132886,
            35.9749701224161
          ],
          [
            -120.5512286994631,
            35.97497828547651
          ],
          [
            -120.5512229856376,
            35.97498653288591
          ],
          [
            -120.5512172718121,
            35.97499493557047
          ],
          [
            -120.5512114581745,
            35.97500333825504
          ],
          [
            -120.5512055927785,
            35.97501177519463
          ],
          [
            -120.5511996772886,
            35.97502031232214
          ],
          [
            -120.5511937617987,
            35.97502895259061
          ],
          [
            -120.5511878275168,
            35.97503766174496
          ],
          [
            -120.5511818448054,
            35.97504646775839
          ],
          [
            -120.5511758088591,
            35.97505532700671
          ],
          [
            -120.5511697589262,
            35.97506424115436
          ],
          [
            -120.5511637089933,
            35.97507324883222
          ],
          [
            -120.5511576041611,
            35.97508231140939
          ],
          [
            -120.5511514648859,
            35.97509140842953
          ],
          [
            -120.5511452805101,
            35.97510055055034
          ],
          [
            -120.5511390961342,
            35.9751097492349
          ],
          [
            -120.5511328879732,
            35.97511898236242
          ],
          [
            -120.5511266363758,
            35.97512825892618
          ],
          [
            -120.5511203847785,
            35.97513765194631
          ],
          [
            -120.5511141331812,
            35.97514708840269
          ],
          [
            -120.5511078815839,
            35.97515656663087
          ],
          [
            -120.5511016299866,
            35.97516610475168
          ],
          [
            -120.5510953512752,
            35.97517567731543
          ],
          [
            -120.5510890324564,
            35.97518528998658
          ],
          [
            -120.5510827136376,
            35.97519490265772
          ],
          [
            -120.5510763372617,
            35.97520457288591
          ],
          [
            -120.551069884,
            35.97521432
          ],
          [
            -120.5510634939597,
            35.9752240671141
          ],
          [
            -120.5510570774765,
            35.97523387511409
          ],
          [
            -120.5510506242148,
            35.97524375667114
          ],
          [
            -120.5510441060671,
            35.97525363822819
          ],
          [
            -120.5510375213691,
            35.97526351978524
          ],
          [
            -120.551030866443,
            35.97527340134229
          ],
          [
            -120.5510242115168,
            35.975283416
          ],
          [
            -120.5510175228188,
            35.975293432
          ],
          [
            -120.5510107986846,
            35.97530344899329
          ],
          [
            -120.551003942094,
            35.97531353221476
          ],
          [
            -120.5509970855034,
            35.97532368630872
          ],
          [
            -120.5509902209396,
            35.97533390663087
          ],
          [
            -120.5509831626846,
            35.97534419151678
          ],
          [
            -120.5509760673289,
            35.97535447640269
          ],
          [
            -120.5509689418523,
            35.97536477425503
          ],
          [
            -120.5509618163758,
            35.97537526080536
          ],
          [
            -120.550954574604,
            35.9753857473557
          ],
          [
            -120.5509472295034,
            35.97539623989262
          ],
          [
            -120.550939700698,
            35.97540679366443
          ],
          [
            -120.5509322123221,
            35.97541738786578
          ],
          [
            -120.5509247277852,
            35.97542801651007
          ],
          [
            -120.5509170645369,
            35.97543870472484
          ],
          [
            -120.5509094012886,
            35.97544943503356
          ],
          [
            -120.550901710094,
            35.97546019978523
          ],
          [
            -120.5508938451812,
            35.97547102244295
          ],
          [
            -120.5508858927517,
            35.97548193261745
          ],
          [
            -120.5508778824161,
            35.97549288971812
          ],
          [
            -120.5508698158389,
            35.97550384681879
          ],
          [
            -120.5508617038389,
            35.9755148947651
          ],
          [
            -120.5508535321074,
            35.97552597366443
          ],
          [
            -120.5508451966443,
            35.97553699798657
          ],
          [
            -120.550836814094,
            35.97554811648322
          ],
          [
            -120.5508283827919,
            35.97555927524832
          ],
          [
            -120.5508198456644,
            35.97557043401343
          ],
          [
            -120.5508112110336,
            35.9755816415302
          ],
          [
            -120.5508025075168,
            35.97559285154362
          ],
          [
            -120.5507937015034,
            35.97560401030873
          ],
          [
            -120.5507847946577,
            35.97561526990604
          ],
          [
            -120.5507758718389,
            35.97562656311409
          ],
          [
            -120.550766998604,
            35.97563785632215
          ],
          [
            -120.5507579691275,
            35.97564925369128
          ],
          [
            -120.5507488749262,
            35.97566066204027
          ],
          [
            -120.5507397328054,
            35.9756720224698
          ],
          [
            -120.5507306444295,
            35.9756834366443
          ],
          [
            -120.5507215066309,
            35.97569486429531
          ],
          [
            -120.5507122300671,
            35.97570629194631
          ],
          [
            -120.5507030089128,
            35.97571777500671
          ],
          [
            -120.5506937995705,
            35.9757292698792
          ],
          [
            -120.5506845902282,
            35.97574076475168
          ],
          [
            -120.5506752667383,
            35.97575231669799
          ],
          [
            -120.5506659472483,
            35.97576387879194
          ],
          [
            -120.5506566706846,
            35.9757754408859
          ],
          [
            -120.5506473353825,
            35.97578700297986
          ],
          [
            -120.5506379915973,
            35.97579859103356
          ],
          [
            -120.5506286478121,
            35.97581022034899
          ],
          [
            -120.5506193040268,
            35.97582178926174
          ],
          [
            -120.5506099326174,
            35.9758333513557
          ],
          [
            -120.5506005216107,
            35.97584491344966
          ],
          [
            -120.5505912347382,
            35.97585647554362
          ],
          [
            -120.5505818703087,
            35.97586803763758
          ],
          [
            -120.5505723920805,
            35.97587959973154
          ],
          [
            -120.5505630413154,
            35.97589109809396
          ],
          [
            -120.5505536665772,
            35.97590262391947
          ],
          [
            -120.5505442555705,
            35.97591418601343
          ],
          [
            -120.5505349099597,
            35.97592574810738
          ],
          [
            -120.550525533557,
            35.97593731020134
          ],
          [
            -120.5505161225503,
            35.9759488722953
          ],
          [
            -120.5505067115436,
            35.97596043438926
          ],
          [
            -120.550497266255,
            35.97597199648322
          ],
          [
            -120.5504877910336,
            35.97598355707383
          ],
          [
            -120.5504784472483,
            35.97599505194631
          ],
          [
            -120.5504690315705,
            35.97600654681879
          ],
          [
            -120.5504595596778,
            35.97601803852348
          ],
          [
            -120.5504502158926,
            35.9760294661745
          ],
          [
            -120.5504407968859,
            35.97604093143624
          ],
          [
            -120.5504313234899,
            35.97605242147651
          ],
          [
            -120.5504219124832,
            35.97606384912751
          ],
          [
            -120.5504125014765,
            35.97607531605369
          ],
          [
            -120.5504030839732,
            35.97608681092618
          ],
          [
            -120.550393605745,
            35.97609830579866
          ],
          [
            -120.5503841684564,
            35.97610980067114
          ],
          [
            -120.5503747411275,
            35.97612129554363
          ],
          [
            -120.5503651956779,
            35.97613279041611
          ],
          [
            -120.5503556076242,
            35.97614424268456
          ],
          [
            -120.550346014604,
            35.97615568016108
          ],
          [
            -120.5503365363758,
            35.97616717503356
          ],
          [
            -120.5503269253423,
            35.97617862563759
          ],
          [
            -120.5503172454497,
            35.97619006477853
          ],
          [
            -120.550307565557,
            35.97620155965101
          ],
          [
            -120.5502978856644,
            35.97621300859061
          ],
          [
            -120.5502881926174,
            35.97622444939598
          ],
          [
            -120.5502784455034,
            35.97623594426846
          ],
          [
            -120.5502686507919,
            35.97624743914094
          ],
          [
            -120.5502588364564,
            35.97625894883221
          ],
          [
            -120.5502490221208,
            35.97627051092617
          ],
          [
            -120.5502391585235,
            35.97628202375839
          ],
          [
            -120.550229244,
            35.9762935351141
          ],
          [
            -120.550219228,
            35.97630509720805
          ],
          [
            -120.550209212,
            35.97631665930201
          ],
          [
            -120.5501991778523,
            35.97632820324832
          ],
          [
            -120.5501890946309,
            35.9763396981208
          ],
          [
            -120.5501790114094,
            35.9763512981745
          ],
          [
            -120.5501688885638,
            35.97636292748993
          ],
          [
            -120.5501586708993,
            35.97637455680537
          ],
          [
            -120.5501483989799,
            35.97638613186577
          ],
          [
            -120.5501380926174,
            35.97639771543624
          ],
          [
            -120.5501277405101,
            35.97640934475168
          ],
          [
            -120.5501173324832,
            35.97642097406712
          ],
          [
            -120.5501069131544,
            35.97643260338255
          ],
          [
            -120.5500964938255,
            35.97644423269799
          ],
          [
            -120.5500859593289,
            35.97645586201342
          ],
          [
            -120.550075405557,
            35.97646746652349
          ],
          [
            -120.5500648517852,
            35.97647902861745
          ],
          [
            -120.5500541795168,
            35.97649064995974
          ],
          [
            -120.5500435177718,
            35.97650225280537
          ],
          [
            -120.5500328967785,
            35.97651381489933
          ],
          [
            -120.5500221539597,
            35.97652543790604
          ],
          [
            -120.5500114266577,
            35.97653703908725
          ],
          [
            -120.5500007384429,
            35.97654860118121
          ],
          [
            -120.5499899250738,
            35.97656022585235
          ],
          [
            -120.5499791322148,
            35.97657185516778
          ],
          [
            -120.5499683767785,
            35.97658348448322
          ],
          [
            -120.5499575571007,
            35.97659511379866
          ],
          [
            -120.549946765906,
            35.97660677457718
          ],
          [
            -120.5499360104698,
            35.97661847111409
          ],
          [
            -120.5499251232215,
            35.97663003583892
          ],
          [
            -120.5499142333423,
            35.97664169731544
          ],
          [
            -120.5499033431141,
            35.97665346072483
          ],
          [
            -120.5498923860134,
            35.97666515726174
          ],
          [
            -120.5498814289128,
            35.97667685379866
          ],
          [
            -120.5498704738255,
            35.97668854832214
          ],
          [
            -120.5498595839463,
            35.97670017763758
          ],
          [
            -120.5498486211544,
            35.97671187986577
          ],
          [
            -120.5498376005101,
            35.97672364362416
          ],
          [
            -120.5498266434094,
            35.97673540738255
          ],
          [
            -120.5498156100671,
            35.97674713302013
          ],
          [
            -120.5498045238658,
            35.97675883489933
          ],
          [
            -120.5497934995436,
            35.97677059865772
          ],
          [
            -120.5497824354362,
            35.97678232263087
          ],
          [
            -120.5497713438926,
            35.97679401916778
          ],
          [
            -120.549760252349,
            35.9768057157047
          ],
          [
            -120.5497491608054,
            35.97681745369128
          ],
          [
            -120.5497380605906,
            35.97682920877853
          ],
          [
            -120.5497269018255,
            35.97684090531543
          ],
          [
            -120.5497157861745,
            35.97685260185235
          ],
          [
            -120.5497046946309,
            35.97686429838927
          ],
          [
            -120.5496936030872,
            35.97687599492617
          ],
          [
            -120.5496825563222,
            35.97688769146308
          ],
          [
            -120.54967152,
            35.976899388
          ],
          [
            -120.5496604284564,
            35.97691108453692
          ],
          [
            -120.5496493369128,
            35.97692273463088
          ],
          [
            -120.5496382453691,
            35.97693436394631
          ],
          [
            -120.5496271538255,
            35.97694599326174
          ],
          [
            -120.5496160622819,
            35.97695767068456
          ],
          [
            -120.5496049554094,
            35.97696938255034
          ],
          [
            -120.5495937966443,
            35.97698114630872
          ],
          [
            -120.5495826378792,
            35.9769928602953
          ],
          [
            -120.5495714791141,
            35.97700455683221
          ],
          [
            -120.549560320349,
            35.97701625336913
          ],
          [
            -120.5495491101477,
            35.97702794990604
          ],
          [
            -120.5495378841611,
            35.97703966510068
          ],
          [
            -120.5495266581745,
            35.97705142885906
          ],
          [
            -120.5495154321879,
            35.97706313951678
          ],
          [
            -120.5495041655571,
            35.97707485637584
          ],
          [
            -120.5494928051275,
            35.97708662013422
          ],
          [
            -120.5494814994631,
            35.97709832912751
          ],
          [
            -120.5494701402953,
            35.97711004765101
          ],
          [
            -120.5494586454228,
            35.9771218114094
          ],
          [
            -120.5494472634094,
            35.97713357516778
          ],
          [
            -120.5494358556779,
            35.97714531527517
          ],
          [
            -120.5494243608054,
            35.97715701181208
          ],
          [
            -120.5494129240269,
            35.97716865025503
          ],
          [
            -120.549401445745,
            35.97718030488591
          ],
          [
            -120.549389883651,
            35.97719200142282
          ],
          [
            -120.5493783813154,
            35.97720375771812
          ],
          [
            -120.549366886443,
            35.97721546751678
          ],
          [
            -120.5493553915705,
            35.97722709683222
          ],
          [
            -120.5493438352752,
            35.97723884899329
          ],
          [
            -120.5493323018255,
            35.97725055546309
          ],
          [
            -120.549320806953,
            35.97726218477852
          ],
          [
            -120.5493093120805,
            35.9772738771812
          ],
          [
            -120.5492977565906,
            35.97728554340939
          ],
          [
            -120.5492861272752,
            35.97729717272483
          ],
          [
            -120.5492745627114,
            35.97730880204027
          ],
          [
            -120.5492630006174,
            35.97732046332886
          ],
          [
            -120.5492514385235,
            35.97733215986577
          ],
          [
            -120.5492398764295,
            35.97734378998658
          ],
          [
            -120.549228280698,
            35.97735541930201
          ],
          [
            -120.5492166513826,
            35.97736704861745
          ],
          [
            -120.5492050220671,
            35.97737867793289
          ],
          [
            -120.5491933927517,
            35.97739034255034
          ],
          [
            -120.5491817634363,
            35.97740203404027
          ],
          [
            -120.5491701341208,
            35.97741359613423
          ],
          [
            -120.5491585417718,
            35.97742519519463
          ],
          [
            -120.5491469754899,
            35.97743682869798
          ],
          [
            -120.5491353461745,
            35.9774485252349
          ],
          [
            -120.5491236782282,
            35.97746018314094
          ],
          [
            -120.5491119875436,
            35.97747180660403
          ],
          [
            -120.5491003582282,
            35.97748336869799
          ],
          [
            -120.5490886886174,
            35.97749497108725
          ],
          [
            -120.5490769920805,
            35.9775065928859
          ],
          [
            -120.5490652955436,
            35.97751815497986
          ],
          [
            -120.5490535990067,
            35.97752971707383
          ],
          [
            -120.549041911651,
            35.97754127916779
          ],
          [
            -120.5490302823356,
            35.97755284126175
          ],
          [
            -120.549018609396,
            35.97756440335571
          ],
          [
            -120.5490069128591,
            35.97757595460403
          ],
          [
            -120.5489952163222,
            35.97758744947651
          ],
          [
            -120.5489835650738,
            35.97759898963758
          ],
          [
            -120.5489719232483,
            35.97761056424161
          ],
          [
            -120.5489602267114,
            35.97762219355705
          ],
          [
            -120.5489485301745,
            35.97763372896644
          ],
          [
            -120.5489368194631,
            35.97764522383893
          ],
          [
            -120.5489250557047,
            35.97765671871141
          ],
          [
            -120.5489133891812,
            35.97766826220134
          ],
          [
            -120.5489017440268,
            35.97767979261745
          ],
          [
            -120.5488900474899,
            35.97769122026845
          ],
          [
            -120.548878350953,
            35.97770264791946
          ],
          [
            -120.5488666369127,
            35.97771407557047
          ],
          [
            -120.5488548731544,
            35.97772550322148
          ],
          [
            -120.5488431613423,
            35.97773687892617
          ],
          [
            -120.5488314648054,
            35.97774825852349
          ],
          [
            -120.5488197682685,
            35.97775968617449
          ],
          [
            -120.5488081253423,
            35.97777106021476
          ],
          [
            -120.5487964960268,
            35.97778246230872
          ],
          [
            -120.5487848667114,
            35.97779395718121
          ],
          [
            -120.548773237396,
            35.97780539677852
          ],
          [
            -120.5487616080805,
            35.97781684692617
          ],
          [
            -120.5487499787651,
            35.97782834179866
          ],
          [
            -120.5487384063893,
            35.97783983667114
          ],
          [
            -120.5487268201342,
            35.97785133154363
          ],
          [
            -120.5487151908188,
            35.97786282641611
          ],
          [
            -120.5487036201074,
            35.97787443849665
          ],
          [
            -120.5486920580134,
            35.97788604198658
          ],
          [
            -120.5486804959195,
            35.97789760408054
          ],
          [
            -120.548668873557,
            35.97790922644295
          ],
          [
            -120.5486572717315,
            35.97792085575839
          ],
          [
            -120.5486457096376,
            35.97793248507382
          ],
          [
            -120.5486341475436,
            35.97794411438926
          ],
          [
            -120.548622614604,
            35.97795577285906
          ],
          [
            -120.5486111197315,
            35.97796746939597
          ],
          [
            -120.5485995612617,
            35.97797916593289
          ],
          [
            -120.5485880299866,
            35.97799089328859
          ],
          [
            -120.5485765351141,
            35.97800265704698
          ],
          [
            -120.5485650402416,
            35.97801435554362
          ],
          [
            -120.5485535128859,
            35.97802605208054
          ],
          [
            -120.5485419507919,
            35.97803774861745
          ],
          [
            -120.548530388698,
            35.97804944515436
          ],
          [
            -120.548518826604,
            35.97806114169128
          ],
          [
            -120.5485072658792,
            35.97807283822819
          ],
          [
            -120.5484957710067,
            35.9780845347651
          ],
          [
            -120.5484842403222,
            35.97809619548993
          ],
          [
            -120.5484726782282,
            35.97810782480537
          ],
          [
            -120.5484611161342,
            35.97811945412081
          ],
          [
            -120.5484495165638,
            35.97813108343624
          ],
          [
            -120.5484378966443,
            35.97814271275168
          ],
          [
            -120.5484264017718,
            35.97815434206711
          ],
          [
            -120.5484148677584,
            35.97816597138255
          ],
          [
            -120.5484033056644,
            35.97817760069798
          ],
          [
            -120.5483917435705,
            35.97818923001342
          ],
          [
            -120.5483802222819,
            35.97820085932886
          ],
          [
            -120.5483687274094,
            35.9782124886443
          ],
          [
            -120.5483572325369,
            35.97822411795973
          ],
          [
            -120.5483457801342,
            35.97823574727517
          ],
          [
            -120.5483343524832,
            35.97824737659061
          ],
          [
            -120.5483229248322,
            35.97825900590604
          ],
          [
            -120.5483115413154,
            35.97827063522148
          ],
          [
            -120.5483001695302,
            35.97828226453692
          ],
          [
            -120.5482887418792,
            35.97829389385235
          ],
          [
            -120.5482773142282,
            35.97830543157047
          ],
          [
            -120.548265873557,
            35.97831693946308
          ],
          [
            -120.5482543786846,
            35.97832850155704
          ],
          [
            -120.5482429787383,
            35.97834006365101
          ],
          [
            -120.5482316036242,
            35.97835159637584
          ],
          [
            -120.5482201759732,
            35.97836302402685
          ],
          [
            -120.5482087483222,
            35.9783745990604
          ],
          [
            -120.5481973206712,
            35.97838619567785
          ],
          [
            -120.5481858930201,
            35.97839769055034
          ],
          [
            -120.548174566953,
            35.97840923621477
          ],
          [
            -120.5481632377181,
            35.97842081632215
          ],
          [
            -120.5481518100671,
            35.97843244563758
          ],
          [
            -120.5481404873289,
            35.97844407495302
          ],
          [
            -120.5481292137987,
            35.97845570426846
          ],
          [
            -120.5481179878121,
            35.97846733358389
          ],
          [
            -120.5481067077047,
            35.97847907114094
          ],
          [
            -120.5480954358389,
            35.97849083489933
          ],
          [
            -120.5480842098523,
            35.97850259865772
          ],
          [
            -120.5480729838658,
            35.97851441820134
          ],
          [
            -120.5480617348725,
            35.97852627218792
          ],
          [
            -120.5480504416644,
            35.97853817038926
          ],
          [
            -120.548039205906,
            35.97855006859061
          ],
          [
            -120.5480279799195,
            35.97856196679195
          ],
          [
            -120.5480167539329,
            35.97857386499329
          ],
          [
            -120.5480054097181,
            35.97858576319463
          ],
          [
            -120.5479941019597,
            35.97859771406711
          ],
          [
            -120.5479828759732,
            35.97860974671141
          ],
          [
            -120.547971467651,
            35.97862171857718
          ],
          [
            -120.547960096,
            35.978633684
          ],
          [
            -120.547948802792,
            35.97864564942282
          ],
          [
            -120.547937384698,
            35.97865761484564
          ],
          [
            -120.547925957047,
            35.97866960993289
          ],
          [
            -120.547914529396,
            35.97868164257719
          ],
          [
            -120.5479031658523,
            35.9786936111141
          ],
          [
            -120.5478917427651,
            35.97870560786578
          ],
          [
            -120.5478802478926,
            35.97871764051007
          ],
          [
            -120.5478687530201,
            35.97872960738255
          ],
          [
            -120.5478572251544,
            35.97874160579866
          ],
          [
            -120.5478456634899,
            35.97875363844295
          ],
          [
            -120.5478342358389,
            35.97876567108725
          ],
          [
            -120.5478227388725,
            35.97877763441611
          ],
          [
            -120.5478111805369,
            35.97878953449665
          ],
          [
            -120.5477997528859,
            35.97880149991946
          ],
          [
            -120.5477882889128,
            35.97881346534228
          ],
          [
            -120.5477768046711,
            35.97882542367785
          ],
          [
            -120.5477655114631,
            35.97883725465772
          ],
          [
            -120.5477541802685,
            35.97884912362416
          ],
          [
            -120.547742825047,
            35.97886101661745
          ],
          [
            -120.5477315318389,
            35.97887284759732
          ],
          [
            -120.5477201989799,
            35.97888463892617
          ],
          [
            -120.5477088454228,
            35.97889640268456
          ],
          [
            -120.5476975522148,
            35.97890816644296
          ],
          [
            -120.5476863003221,
            35.9789198888859
          ],
          [
            -120.5476750572617,
            35.97893160249664
          ],
          [
            -120.5476636968322,
            35.97894343347651
          ],
          [
            -120.5476523793826,
            35.97895522147651
          ],
          [
            -120.5476410759732,
            35.9789669852349
          ],
          [
            -120.5476297155436,
            35.97897874899329
          ],
          [
            -120.5476183997584,
            35.97899055739597
          ],
          [
            -120.5476071065503,
            35.97900237651007
          ],
          [
            -120.5475958133423,
            35.97901414026846
          ],
          [
            -120.5475844275168,
            35.97902595033557
          ],
          [
            -120.5475729998658,
            35.97903776778524
          ],
          [
            -120.5475615722148,
            35.97904953154362
          ],
          [
            -120.5475501925369,
            35.97906134327517
          ],
          [
            -120.5475388169127,
            35.97907318944966
          ],
          [
            -120.5475273892617,
            35.97908508765101
          ],
          [
            -120.5475160112483,
            35.97909693621477
          ],
          [
            -120.5475046339597,
            35.97910878405369
          ],
          [
            -120.5474932063087,
            35.97912068225504
          ],
          [
            -120.5474818812617,
            35.97913252915436
          ],
          [
            -120.5474705510067,
            35.97914434161073
          ],
          [
            -120.5474591233557,
            35.97915610536913
          ],
          [
            -120.5474478016376,
            35.97916786912752
          ],
          [
            -120.5474365084295,
            35.9791796328859
          ],
          [
            -120.5474252152215,
            35.9791913966443
          ],
          [
            -120.5474140312752,
            35.97920316040268
          ],
          [
            -120.5474028943624,
            35.97921490230873
          ],
          [
            -120.5473918028188,
            35.97922659884564
          ],
          [
            -120.5473806549799,
            35.97923835167785
          ],
          [
            -120.5473695197315,
            35.97925011543624
          ],
          [
            -120.5473584281879,
            35.97926187919463
          ],
          [
            -120.5473473366443,
            35.97927370091276
          ],
          [
            -120.5473361947383,
            35.97928553189262
          ],
          [
            -120.5473249687517,
            35.97929736287249
          ],
          [
            -120.5473138620134,
            35.97930919385235
          ],
          [
            -120.5473027704698,
            35.97932099798658
          ],
          [
            -120.5472916789262,
            35.97933276174496
          ],
          [
            -120.547280526094,
            35.97934458679195
          ],
          [
            -120.5472693958389,
            35.97935641777181
          ],
          [
            -120.5472583042953,
            35.97936824875168
          ],
          [
            -120.5472472127517,
            35.97938007973154
          ],
          [
            -120.5472360608591,
            35.97939191071141
          ],
          [
            -120.5472248348725,
            35.97940374169127
          ],
          [
            -120.5472136735034,
            35.97941563728859
          ],
          [
            -120.5472025147382,
            35.97942753548993
          ],
          [
            -120.5471913559732,
            35.97943943369128
          ],
          [
            -120.5471800646443,
            35.97945133189262
          ],
          [
            -120.547168838443,
            35.9794631965906
          ],
          [
            -120.547157678953,
            35.97947502757047
          ],
          [
            -120.5471464529664,
            35.97948685855034
          ],
          [
            -120.5471351918121,
            35.97949872469798
          ],
          [
            -120.547123898604,
            35.97951062289933
          ],
          [
            -120.547112605396,
            35.97952252110067
          ],
          [
            -120.5471013490201,
            35.9795343824698
          ],
          [
            -120.5470901149262,
            35.97954621344967
          ],
          [
            -120.5470787544967,
            35.97955804442953
          ],
          [
            -120.5470674325638,
            35.97956983691275
          ],
          [
            -120.5470561393557,
            35.97958160638926
          ],
          [
            -120.5470448461477,
            35.97959343736913
          ],
          [
            -120.5470335127785,
            35.97960522818791
          ],
          [
            -120.547022152349,
            35.97961698456376
          ],
          [
            -120.5470107919195,
            35.97962868110067
          ],
          [
            -120.5469994314899,
            35.97964037763759
          ],
          [
            -120.5469880620134,
            35.9796520741745
          ],
          [
            -120.5469766343624,
            35.97966377071141
          ],
          [
            -120.5469652936913,
            35.97967542375839
          ],
          [
            -120.5469539790604,
            35.97968706378524
          ],
          [
            -120.5469425514094,
            35.97969876032215
          ],
          [
            -120.5469312140671,
            35.9797104117047
          ],
          [
            -120.5469199332349,
            35.97972201626845
          ],
          [
            -120.5469087072483,
            35.97973351114094
          ],
          [
            -120.546897434443,
            35.97974509965101
          ],
          [
            -120.5468861412349,
            35.97975668684564
          ],
          [
            -120.5468748480268,
            35.97976811449665
          ],
          [
            -120.5468635548188,
            35.97977959063087
          ],
          [
            -120.5468522773154,
            35.97979108550335
          ],
          [
            -120.5468410513289,
            35.97980258037584
          ],
          [
            -120.5468298253423,
            35.97981407524832
          ],
          [
            -120.5468185993557,
            35.97982553538255
          ],
          [
            -120.5468073733691,
            35.97983689581208
          ],
          [
            -120.5467960955705,
            35.97984835986577
          ],
          [
            -120.546784821396,
            35.97985983570469
          ],
          [
            -120.5467735954094,
            35.9798712633557
          ],
          [
            -120.5467623694228,
            35.97988269100671
          ],
          [
            -120.5467511434362,
            35.97989411865772
          ],
          [
            -120.5467399174497,
            35.97990554630872
          ],
          [
            -120.5467286363221,
            35.97991686367785
          ],
          [
            -120.5467173207517,
            35.9799281568859
          ],
          [
            -120.5467059603221,
            35.97993945009396
          ],
          [
            -120.5466945998926,
            35.97995074330201
          ],
          [
            -120.5466832394631,
            35.97996201248323
          ],
          [
            -120.5466718790336,
            35.9799732384698
          ],
          [
            -120.5466604601342,
            35.97998446445638
          ],
          [
            -120.5466490067919,
            35.97999569044295
          ],
          [
            -120.5466375119195,
            35.98000691642953
          ],
          [
            -120.546626017047,
            35.98001826268456
          ],
          [
            -120.5466145221745,
            35.98002962311409
          ],
          [
            -120.546603027302,
            35.98004098354362
          ],
          [
            -120.5465914706309,
            35.9800522821745
          ],
          [
            -120.5465799085369,
            35.98006366244295
          ],
          [
            -120.546568346443,
            35.98007515731544
          ],
          [
            -120.5465567208859,
            35.98008652526175
          ],
          [
            -120.5465450608859,
            35.98009797774497
          ],
          [
            -120.546533364349,
            35.98010953983893
          ],
          [
            -120.5465216678121,
            35.98012097167786
          ],
          [
            -120.5465099712752,
            35.98013239932886
          ],
          [
            -120.5464982747383,
            35.98014382697987
          ],
          [
            -120.5464865114094,
            35.98015545500671
          ],
          [
            -120.546474747651,
            35.9801670162953
          ],
          [
            -120.5464629863624,
            35.98017851240268
          ],
          [
            -120.546451357047,
            35.98019007449665
          ],
          [
            -120.5464396563758,
            35.98020163659061
          ],
          [
            -120.5464278926174,
            35.98021319868457
          ],
          [
            -120.5464161288591,
            35.98022476077853
          ],
          [
            -120.5464044024429,
            35.98023636021476
          ],
          [
            -120.5463927013423,
            35.98024798496645
          ],
          [
            -120.5463809375839,
            35.98025954706041
          ],
          [
            -120.5463691738255,
            35.98027110915437
          ],
          [
            -120.5463574100671,
            35.98028267124832
          ],
          [
            -120.5463456463087,
            35.98029423334228
          ],
          [
            -120.5463338418792,
            35.9803057547651
          ],
          [
            -120.5463220030067,
            35.9803172575302
          ],
          [
            -120.5463101048054,
            35.98032881962416
          ],
          [
            -120.5462982489396,
            35.98034033938255
          ],
          [
            -120.5462864084027,
            35.98035184381208
          ],
          [
            -120.5462745102013,
            35.98036340590604
          ],
          [
            -120.546262656,
            35.980374924
          ],
          [
            -120.5462508250201,
            35.98038643009396
          ],
          [
            -120.5462389940403,
            35.98039799218792
          ],
          [
            -120.546227117396,
            35.98040950861745
          ],
          [
            -120.5462152320805,
            35.98042100348994
          ],
          [
            -120.5462034011007,
            35.98043249836242
          ],
          [
            -120.546191522792,
            35.98044394590605
          ],
          [
            -120.5461796245906,
            35.98045540265772
          ],
          [
            -120.5461677263893,
            35.98046696475168
          ],
          [
            -120.5461558281879,
            35.98047847785234
          ],
          [
            -120.5461439299866,
            35.98048995651006
          ],
          [
            -120.5461320317852,
            35.98050138416107
          ],
          [
            -120.5461201335839,
            35.98051286246979
          ],
          [
            -120.5461082175034,
            35.98052437522148
          ],
          [
            -120.5460962520805,
            35.98053593731544
          ],
          [
            -120.5460843389799,
            35.9805474994094
          ],
          [
            -120.5460724603222,
            35.98055906150335
          ],
          [
            -120.5460606293423,
            35.98057062359732
          ],
          [
            -120.546048852349,
            35.98058223967785
          ],
          [
            -120.5460370885906,
            35.98059386899329
          ],
          [
            -120.5460253248322,
            35.98060549830873
          ],
          [
            -120.5460135610738,
            35.98061712762416
          ],
          [
            -120.5460018201879,
            35.98062875693959
          ],
          [
            -120.545990123651,
            35.98064038625503
          ],
          [
            -120.545978541745,
            35.9806520728859
          ],
          [
            -120.5459669551141,
            35.98066376942282
          ],
          [
            -120.5459553257987,
            35.98067546595973
          ],
          [
            -120.5459436964832,
            35.98068716249664
          ],
          [
            -120.5459320671678,
            35.98069885903356
          ],
          [
            -120.5459204378523,
            35.98071055557047
          ],
          [
            -120.5459088691812,
            35.98072225210738
          ],
          [
            -120.5458972792215,
            35.98073394864429
          ],
          [
            -120.545885649906,
            35.98074564518121
          ],
          [
            -120.5458740828993,
            35.9807572794094
          ],
          [
            -120.5458624912752,
            35.98076890872483
          ],
          [
            -120.5458508619597,
            35.98078053804027
          ],
          [
            -120.5458392326443,
            35.98079210338255
          ],
          [
            -120.5458275721342,
            35.98080366547651
          ],
          [
            -120.5458158755973,
            35.98081522757047
          ],
          [
            -120.5458041790604,
            35.98082685530201
          ],
          [
            -120.5457924825235,
            35.98083845175839
          ],
          [
            -120.545780785906,
            35.98085001385235
          ],
          [
            -120.5457690221477,
            35.98086157594631
          ],
          [
            -120.5457572929128,
            35.98087310351678
          ],
          [
            -120.5457455946309,
            35.98088460013422
          ],
          [
            -120.5457338308725,
            35.98089616222819
          ],
          [
            -120.5457220671141,
            35.98090772432215
          ],
          [
            -120.5457103033557,
            35.9809192864161
          ],
          [
            -120.5456985395973,
            35.98093084851006
          ],
          [
            -120.5456867379866,
            35.98094237275168
          ],
          [
            -120.5456749120805,
            35.98095386762416
          ],
          [
            -120.5456631483221,
            35.98096536249665
          ],
          [
            -120.545651345047,
            35.98097689688591
          ],
          [
            -120.5456395140671,
            35.98098845224161
          ],
          [
            -120.5456276830872,
            35.9809999471141
          ],
          [
            -120.5456158932886,
            35.98101148316778
          ],
          [
            -120.5456041211275,
            35.98102303685906
          ],
          [
            -120.5455922901477,
            35.98103453173155
          ],
          [
            -120.5455804591678,
            35.98104606944966
          ],
          [
            -120.5455686181208,
            35.98105763154363
          ],
          [
            -120.5455567199195,
            35.98106919363759
          ],
          [
            -120.5455448662282,
            35.98108075573155
          ],
          [
            -120.5455330235168,
            35.9810923178255
          ],
          [
            -120.5455211253154,
            35.98110387991947
          ],
          [
            -120.5455091809396,
            35.98111544201343
          ],
          [
            -120.5454972155168,
            35.98112700410739
          ],
          [
            -120.545485250094,
            35.98113856620134
          ],
          [
            -120.5454732846711,
            35.9811501282953
          ],
          [
            -120.5454612891275,
            35.98116170544967
          ],
          [
            -120.5454491892617,
            35.9811733347651
          ],
          [
            -120.5454371884027,
            35.98118491457718
          ],
          [
            -120.5454251895302,
            35.98119649339597
          ],
          [
            -120.5454130896644,
            35.98120812271141
          ],
          [
            -120.5454010409665,
            35.98121975202685
          ],
          [
            -120.5453889899329,
            35.98123136295302
          ],
          [
            -120.5453768900671,
            35.98124292504698
          ],
          [
            -120.5453648430336,
            35.98125448714094
          ],
          [
            -120.545352830443,
            35.9812660492349
          ],
          [
            -120.5453408650201,
            35.98127761132886
          ],
          [
            -120.5453288995973,
            35.98128922791946
          ],
          [
            -120.5453169776107,
            35.98130083551678
          ],
          [
            -120.5453051466309,
            35.98131239761074
          ],
          [
            -120.5452932594899,
            35.98132401586577
          ],
          [
            -120.5452813846711,
            35.9813356451812
          ],
          [
            -120.5452695536913,
            35.98134727449664
          ],
          [
            -120.5452576648859,
            35.98135890381208
          ],
          [
            -120.5452457917315,
            35.98137053312752
          ],
          [
            -120.5452339607517,
            35.98138216244296
          ],
          [
            -120.5452220702819,
            35.98139373226846
          ],
          [
            -120.5452102255034,
            35.98140532107383
          ],
          [
            -120.545198461745,
            35.98141695038926
          ],
          [
            -120.5451866979866,
            35.98142851855034
          ],
          [
            -120.5451749342282,
            35.98144005226845
          ],
          [
            -120.5451631704698,
            35.98145154714094
          ],
          [
            -120.5451514067114,
            35.98146304201342
          ],
          [
            -120.545139642953,
            35.98147456692617
          ],
          [
            -120.5451278791946,
            35.98148612902013
          ],
          [
            -120.5451161799195,
            35.98149756214765
          ],
          [
            -120.5451044516778,
            35.98150902150336
          ],
          [
            -120.5450926879195,
            35.98152051637584
          ],
          [
            -120.5450809903087,
            35.98153201124832
          ],
          [
            -120.5450692270336,
            35.98154343938255
          ],
          [
            -120.5450573966443,
            35.98155479981208
          ],
          [
            -120.5450456328859,
            35.98156616024161
          ],
          [
            -120.5450338691275,
            35.98157748563759
          ],
          [
            -120.5450221053691,
            35.98158878110067
          ],
          [
            -120.5450103416107,
            35.9816001415302
          ],
          [
            -120.5449986145503,
            35.98161142856376
          ],
          [
            -120.544986914094,
            35.9816226584698
          ],
          [
            -120.5449751503356,
            35.98163395167785
          ],
          [
            -120.544963463302,
            35.98164528324832
          ],
          [
            -120.5449518284027,
            35.98165663251007
          ],
          [
            -120.5449401318658,
            35.98166785849664
          ],
          [
            -120.5449284353289,
            35.98167912451007
          ],
          [
            -120.5449167460403,
            35.9816904104698
          ],
          [
            -120.5449051167248,
            35.98170163645638
          ],
          [
            -120.5448934874094,
            35.98171286244295
          ],
          [
            -120.544881858094,
            35.98172408842953
          ],
          [
            -120.5448702287785,
            35.98173531441611
          ],
          [
            -120.5448585994631,
            35.98174649704698
          ],
          [
            -120.5448469807248,
            35.9817576452349
          ],
          [
            -120.5448354186309,
            35.98176873677852
          ],
          [
            -120.5448237214765,
            35.98177987334228
          ],
          [
            -120.5448119699597,
            35.98179103210738
          ],
          [
            -120.5448002734228,
            35.98180219087249
          ],
          [
            -120.5447886235705,
            35.98181334963758
          ],
          [
            -120.544776966443,
            35.98182449449665
          ],
          [
            -120.5447652026846,
            35.98183558604027
          ],
          [
            -120.5447534389262,
            35.98184667758389
          ],
          [
            -120.5447416751678,
            35.98185776912752
          ],
          [
            -120.5447299114094,
            35.98186886067114
          ],
          [
            -120.5447180976376,
            35.98187995221476
          ],
          [
            -120.5447063011275,
            35.98189104375839
          ],
          [
            -120.5446946045906,
            35.98190213530201
          ],
          [
            -120.5446829080537,
            35.98191317516778
          ],
          [
            -120.5446712115168,
            35.9819241805906
          ],
          [
            -120.5446595149799,
            35.98193513769127
          ],
          [
            -120.5446478717852,
            35.98194614813423
          ],
          [
            -120.544636221906,
            35.98195717245638
          ],
          [
            -120.5446245253691,
            35.98196819677852
          ],
          [
            -120.5446127738255,
            35.98197927610738
          ],
          [
            -120.5446010322953,
            35.98199034542282
          ],
          [
            -120.5445893357584,
            35.98200136974496
          ],
          [
            -120.5445775825503,
            35.98201245073825
          ],
          [
            -120.5445657948993,
            35.98202349449664
          ],
          [
            -120.5445539639195,
            35.98203445159731
          ],
          [
            -120.5445421329396,
            35.98204552536913
          ],
          [
            -120.5445303019597,
            35.98205659135571
          ],
          [
            -120.5445184709799,
            35.98206761567786
          ],
          [
            -120.54450664,
            35.98207864
          ]
        ]
      }
    },
    {
      "type": "Feature",
      "properties": {
        "kind": "fibre_section",
        "section": "Up-leg",
        "name": "SAFOD Up-leg"
      },
      "geometry": {
        "type": "LineString",
        "coordinates": [
          [
            -120.5445184709799,
            35.98206761567786
          ],
          [
            -120.5445303019597,
            35.98205659135571
          ],
          [
            -120.5445421329396,
            35.98204552536913
          ],
          [
            -120.5445539639195,
            35.98203445159731
          ],
          [
            -120.5445657948993,
            35.98202349449664
          ],
          [
            -120.5445775825503,
            35.98201245073825
          ],
          [
            -120.5445893357584,
            35.98200136974496
          ],
          [
            -120.5446010322953,
            35.98199034542282
          ],
          [
            -120.5446127738255,
            35.98197927610738
          ],
          [
            -120.5446245253691,
            35.98196819677852
          ],
          [
            -120.544636221906,
            35.98195717245638
          ],
          [
            -120.5446478717852,
            35.98194614813423
          ],
          [
            -120.5446595149799,
            35.98193513769127
          ],
          [
            -120.5446712115168,
            35.9819241805906
          ],
          [
            -120.5446829080537,
            35.98191317516778
          ],
          [
            -120.5446946045906,
            35.98190213530201
          ],
          [
            -120.5447063011275,
            35.98189104375839
          ],
          [
            -120.5447180976376,
            35.98187995221476
          ],
          [
            -120.5447299114094,
            35.98186886067114
          ],
          [
            -120.5447416751678,
            35.98185776912752
          ],
          [
            -120.5447534389262,
            35.98184667758389
          ],
          [
            -120.5447652026846,
            35.98183558604027
          ],
          [
            -120.544776966443,
            35.98182449449665
          ],
          [
            -120.5447886235705,
            35.98181334963758
          ],
          [
            -120.5448002734228,
            35.98180219087249
          ],
          [
            -120.5448119699597,
            35.98179103210738
          ],
          [
            -120.5448237214765,
            35.98177987334228
          ],
          [
            -120.5448354186309,
            35.98176873677852
          ],
          [
            -120.5448469807248,
            35.9817576452349
          ],
          [
            -120.5448585994631,
            35.98174649704698
          ],
          [
            -120.5448702287785,
            35.98173531441611
          ],
          [
            -120.544881858094,
            35.98172408842953
          ],
          [
            -120.5448934874094,
            35.98171286244295
          ],
          [
            -120.5449051167248,
            35.98170163645638
          ],
          [
            -120.5449167460403,
            35.9816904104698
          ],
          [
            -120.5449284353289,
            35.98167912451007
          ],
          [
            -120.5449401318658,
            35.98166785849664
          ],
          [
            -120.5449518284027,
            35.98165663251007
          ],
          [
            -120.544963463302,
            35.98164528324832
          ],
          [
            -120.5449751503356,
            35.98163395167785
          ],
          [
            -120.544986914094,
            35.9816226584698
          ],
          [
            -120.5449986145503,
            35.98161142856376
          ],
          [
            -120.5450103416107,
            35.9816001415302
          ],
          [
            -120.5450221053691,
            35.98158878110067
          ],
          [
            -120.5450338691275,
            35.98157748563759
          ],
          [
            -120.5450456328859,
            35.98156616024161
          ],
          [
            -120.5450573966443,
            35.98155479981208
          ],
          [
            -120.5450692270336,
            35.98154343938255
          ],
          [
            -120.5450809903087,
            35.98153201124832
          ],
          [
            -120.5450926879195,
            35.98152051637584
          ],
          [
            -120.5451044516778,
            35.98150902150336
          ],
          [
            -120.5451161799195,
            35.98149756214765
          ],
          [
            -120.5451278791946,
            35.98148612902013
          ],
          [
            -120.545139642953,
            35.98147456692617
          ],
          [
            -120.5451514067114,
            35.98146304201342
          ],
          [
            -120.5451631704698,
            35.98145154714094
          ],
          [
            -120.5451749342282,
            35.98144005226845
          ],
          [
            -120.5451866979866,
            35.98142851855034
          ],
          [
            -120.545198461745,
            35.98141695038926
          ],
          [
            -120.5452102255034,
            35.98140532107383
          ],
          [
            -120.5452220702819,
            35.98139373226846
          ],
          [
            -120.5452339607517,
            35.98138216244296
          ],
          [
            -120.5452457917315,
            35.98137053312752
          ],
          [
            -120.5452576648859,
            35.98135890381208
          ],
          [
            -120.5452695536913,
            35.98134727449664
          ],
          [
            -120.5452813846711,
            35.9813356451812
          ],
          [
            -120.5452932594899,
            35.98132401586577
          ],
          [
            -120.5453051466309,
            35.98131239761074
          ],
          [
            -120.5453169776107,
            35.98130083551678
          ],
          [
            -120.5453288995973,
            35.98128922791946
          ],
          [
            -120.5453408650201,
            35.98127761132886
          ],
          [
            -120.545352830443,
            35.9812660492349
          ],
          [
            -120.5453648430336,
            35.98125448714094
          ],
          [
            -120.5453768900671,
            35.98124292504698
          ],
          [
            -120.5453889899329,
            35.98123136295302
          ],
          [
            -120.5454010409665,
            35.98121975202685
          ],
          [
            -120.5454130896644,
            35.98120812271141
          ],
          [
            -120.5454251895302,
            35.98119649339597
          ],
          [
            -120.5454371884027,
            35.98118491457718
          ],
          [
            -120.5454491892617,
            35.9811733347651
          ],
          [
            -120.5454612891275,
            35.98116170544967
          ],
          [
            -120.5454732846711,
            35.9811501282953
          ],
          [
            -120.545485250094,
            35.98113856620134
          ],
          [
            -120.5454972155168,
            35.98112700410739
          ],
          [
            -120.5455091809396,
            35.98111544201343
          ],
          [
            -120.5455211253154,
            35.98110387991947
          ],
          [
            -120.5455330235168,
            35.9810923178255
          ],
          [
            -120.5455448662282,
            35.98108075573155
          ],
          [
            -120.5455567199195,
            35.98106919363759
          ],
          [
            -120.5455686181208,
            35.98105763154363
          ],
          [
            -120.5455804591678,
            35.98104606944966
          ],
          [
            -120.5455922901477,
            35.98103453173155
          ],
          [
            -120.5456041211275,
            35.98102303685906
          ],
          [
            -120.5456158932886,
            35.98101148316778
          ],
          [
            -120.5456276830872,
            35.9809999471141
          ],
          [
            -120.5456395140671,
            35.98098845224161
          ],
          [
            -120.545651345047,
            35.98097689688591
          ],
          [
            -120.5456631483221,
            35.98096536249665
          ],
          [
            -120.5456749120805,
            35.98095386762416
          ],
          [
            -120.5456867379866,
            35.98094237275168
          ],
          [
            -120.5456985395973,
            35.98093084851006
          ],
          [
            -120.5457103033557,
            35.9809192864161
          ],
          [
            -120.5457220671141,
            35.98090772432215
          ],
          [
            -120.5457338308725,
            35.98089616222819
          ],
          [
            -120.5457455946309,
            35.98088460013422
          ],
          [
            -120.5457572929128,
            35.98087310351678
          ],
          [
            -120.5457690221477,
            35.98086157594631
          ],
          [
            -120.545780785906,
            35.98085001385235
          ],
          [
            -120.5457924825235,
            35.98083845175839
          ],
          [
            -120.5458041790604,
            35.98082685530201
          ],
          [
            -120.5458158755973,
            35.98081522757047
          ],
          [
            -120.5458275721342,
            35.98080366547651
          ],
          [
            -120.5458392326443,
            35.98079210338255
          ],
          [
            -120.5458508619597,
            35.98078053804027
          ],
          [
            -120.5458624912752,
            35.98076890872483
          ],
          [
            -120.5458740828993,
            35.9807572794094
          ],
          [
            -120.545885649906,
            35.98074564518121
          ],
          [
            -120.5458972792215,
            35.98073394864429
          ],
          [
            -120.5459088691812,
            35.98072225210738
          ],
          [
            -120.5459204378523,
            35.98071055557047
          ],
          [
            -120.5459320671678,
            35.98069885903356
          ],
          [
            -120.5459436964832,
            35.98068716249664
          ],
          [
            -120.5459553257987,
            35.98067546595973
          ],
          [
            -120.5459669551141,
            35.98066376942282
          ],
          [
            -120.545978541745,
            35.9806520728859
          ],
          [
            -120.545990123651,
            35.98064038625503
          ],
          [
            -120.5460018201879,
            35.98062875693959
          ],
          [
            -120.5460135610738,
            35.98061712762416
          ],
          [
            -120.5460253248322,
            35.98060549830873
          ],
          [
            -120.5460370885906,
            35.98059386899329
          ],
          [
            -120.546048852349,
            35.98058223967785
          ],
          [
            -120.5460606293423,
            35.98057062359732
          ],
          [
            -120.5460724603222,
            35.98055906150335
          ],
          [
            -120.5460843389799,
            35.9805474994094
          ],
          [
            -120.5460962520805,
            35.98053593731544
          ],
          [
            -120.5461082175034,
            35.98052437522148
          ],
          [
            -120.5461201335839,
            35.98051286246979
          ],
          [
            -120.5461320317852,
            35.98050138416107
          ],
          [
            -120.5461439299866,
            35.98048995651006
          ],
          [
            -120.5461558281879,
            35.98047847785234
          ],
          [
            -120.5461677263893,
            35.98046696475168
          ],
          [
            -120.5461796245906,
            35.98045540265772
          ],
          [
            -120.546191522792,
            35.98044394590605
          ],
          [
            -120.5462034011007,
            35.98043249836242
          ],
          [
            -120.5462152320805,
            35.98042100348994
          ],
          [
            -120.546227117396,
            35.98040950861745
          ],
          [
            -120.5462389940403,
            35.98039799218792
          ],
          [
            -120.5462508250201,
            35.98038643009396
          ],
          [
            -120.546262656,
            35.980374924
          ],
          [
            -120.5462745102013,
            35.98036340590604
          ],
          [
            -120.5462864084027,
            35.98035184381208
          ],
          [
            -120.5462982489396,
            35.98034033938255
          ],
          [
            -120.5463101048054,
            35.98032881962416
          ],
          [
            -120.5463220030067,
            35.9803172575302
          ],
          [
            -120.5463338418792,
            35.9803057547651
          ],
          [
            -120.5463456463087,
            35.98029423334228
          ],
          [
            -120.5463574100671,
            35.98028267124832
          ],
          [
            -120.5463691738255,
            35.98027110915437
          ],
          [
            -120.5463809375839,
            35.98025954706041
          ],
          [
            -120.5463927013423,
            35.98024798496645
          ],
          [
            -120.5464044024429,
            35.98023636021476
          ],
          [
            -120.5464161288591,
            35.98022476077853
          ],
          [
            -120.5464278926174,
            35.98021319868457
          ],
          [
            -120.5464396563758,
            35.98020163659061
          ],
          [
            -120.546451357047,
            35.98019007449665
          ],
          [
            -120.5464629863624,
            35.98017851240268
          ],
          [
            -120.546474747651,
            35.9801670162953
          ],
          [
            -120.5464865114094,
            35.98015545500671
          ],
          [
            -120.5464982747383,
            35.98014382697987
          ],
          [
            -120.5465099712752,
            35.98013239932886
          ],
          [
            -120.5465216678121,
            35.98012097167786
          ],
          [
            -120.546533364349,
            35.98010953983893
          ],
          [
            -120.5465450608859,
            35.98009797774497
          ],
          [
            -120.5465567208859,
            35.98008652526175
          ],
          [
            -120.546568346443,
            35.98007515731544
          ],
          [
            -120.5465799085369,
            35.98006366244295
          ],
          [
            -120.5465914706309,
            35.9800522821745
          ],
          [
            -120.546603027302,
            35.98004098354362
          ],
          [
            -120.5466145221745,
            35.98002962311409
          ],
          [
            -120.546626017047,
            35.98001826268456
          ],
          [
            -120.5466375119195,
            35.98000691642953
          ],
          [
            -120.5466490067919,
            35.97999569044295
          ],
          [
            -120.5466604601342,
            35.97998446445638
          ],
          [
            -120.5466718790336,
            35.9799732384698
          ],
          [
            -120.5466832394631,
            35.97996201248323
          ],
          [
            -120.5466945998926,
            35.97995074330201
          ],
          [
            -120.5467059603221,
            35.97993945009396
          ],
          [
            -120.5467173207517,
            35.9799281568859
          ],
          [
            -120.5467286363221,
            35.97991686367785
          ],
          [
            -120.5467399174497,
            35.97990554630872
          ],
          [
            -120.5467511434362,
            35.97989411865772
          ],
          [
            -120.5467623694228,
            35.97988269100671
          ],
          [
            -120.5467735954094,
            35.9798712633557
          ],
          [
            -120.546784821396,
            35.97985983570469
          ],
          [
            -120.5467960955705,
            35.97984835986577
          ],
          [
            -120.5468073733691,
            35.97983689581208
          ],
          [
            -120.5468185993557,
            35.97982553538255
          ],
          [
            -120.5468298253423,
            35.97981407524832
          ],
          [
            -120.5468410513289,
            35.97980258037584
          ],
          [
            -120.5468522773154,
            35.97979108550335
          ],
          [
            -120.5468635548188,
            35.97977959063087
          ],
          [
            -120.5468748480268,
            35.97976811449665
          ],
          [
            -120.5468861412349,
            35.97975668684564
          ],
          [
            -120.546897434443,
            35.97974509965101
          ],
          [
            -120.5469087072483,
            35.97973351114094
          ],
          [
            -120.5469199332349,
            35.97972201626845
          ],
          [
            -120.5469312140671,
            35.9797104117047
          ],
          [
            -120.5469425514094,
            35.97969876032215
          ],
          [
            -120.5469539790604,
            35.97968706378524
          ],
          [
            -120.5469652936913,
            35.97967542375839
          ],
          [
            -120.5469766343624,
            35.97966377071141
          ],
          [
            -120.5469880620134,
            35.9796520741745
          ],
          [
            -120.5469994314899,
            35.97964037763759
          ],
          [
            -120.5470107919195,
            35.97962868110067
          ],
          [
            -120.547022152349,
            35.97961698456376
          ],
          [
            -120.5470335127785,
            35.97960522818791
          ],
          [
            -120.5470448461477,
            35.97959343736913
          ],
          [
            -120.5470561393557,
            35.97958160638926
          ],
          [
            -120.5470674325638,
            35.97956983691275
          ],
          [
            -120.5470787544967,
            35.97955804442953
          ],
          [
            -120.5470901149262,
            35.97954621344967
          ],
          [
            -120.5471013490201,
            35.9795343824698
          ],
          [
            -120.547112605396,
            35.97952252110067
          ],
          [
            -120.547123898604,
            35.97951062289933
          ],
          [
            -120.5471351918121,
            35.97949872469798
          ],
          [
            -120.5471464529664,
            35.97948685855034
          ],
          [
            -120.547157678953,
            35.97947502757047
          ],
          [
            -120.547168838443,
            35.9794631965906
          ],
          [
            -120.5471800646443,
            35.97945133189262
          ],
          [
            -120.5471913559732,
            35.97943943369128
          ],
          [
            -120.5472025147382,
            35.97942753548993
          ],
          [
            -120.5472136735034,
            35.97941563728859
          ],
          [
            -120.5472248348725,
            35.97940374169127
          ],
          [
            -120.5472360608591,
            35.97939191071141
          ],
          [
            -120.5472472127517,
            35.97938007973154
          ],
          [
            -120.5472583042953,
            35.97936824875168
          ],
          [
            -120.5472693958389,
            35.97935641777181
          ],
          [
            -120.547280526094,
            35.97934458679195
          ],
          [
            -120.5472916789262,
            35.97933276174496
          ],
          [
            -120.5473027704698,
            35.97932099798658
          ],
          [
            -120.5473138620134,
            35.97930919385235
          ],
          [
            -120.5473249687517,
            35.97929736287249
          ],
          [
            -120.5473361947383,
            35.97928553189262
          ],
          [
            -120.5473473366443,
            35.97927370091276
          ],
          [
            -120.5473584281879,
            35.97926187919463
          ],
          [
            -120.5473695197315,
            35.97925011543624
          ],
          [
            -120.5473806549799,
            35.97923835167785
          ],
          [
            -120.5473918028188,
            35.97922659884564
          ],
          [
            -120.5474028943624,
            35.97921490230873
          ],
          [
            -120.5474140312752,
            35.97920316040268
          ],
          [
            -120.5474252152215,
            35.9791913966443
          ],
          [
            -120.5474365084295,
            35.9791796328859
          ],
          [
            -120.5474478016376,
            35.97916786912752
          ],
          [
            -120.5474591233557,
            35.97915610536913
          ],
          [
            -120.5474705510067,
            35.97914434161073
          ],
          [
            -120.5474818812617,
            35.97913252915436
          ],
          [
            -120.5474932063087,
            35.97912068225504
          ],
          [
            -120.5475046339597,
            35.97910878405369
          ],
          [
            -120.5475160112483,
            35.97909693621477
          ],
          [
            -120.5475273892617,
            35.97908508765101
          ],
          [
            -120.5475388169127,
            35.97907318944966
          ],
          [
            -120.5475501925369,
            35.97906134327517
          ],
          [
            -120.5475615722148,
            35.97904953154362
          ],
          [
            -120.5475729998658,
            35.97903776778524
          ],
          [
            -120.5475844275168,
            35.97902595033557
          ],
          [
            -120.5475958133423,
            35.97901414026846
          ],
          [
            -120.5476071065503,
            35.97900237651007
          ],
          [
            -120.5476183997584,
            35.97899055739597
          ],
          [
            -120.5476297155436,
            35.97897874899329
          ],
          [
            -120.5476410759732,
            35.9789669852349
          ],
          [
            -120.5476523793826,
            35.97895522147651
          ],
          [
            -120.5476636968322,
            35.97894343347651
          ],
          [
            -120.5476750572617,
            35.97893160249664
          ],
          [
            -120.5476863003221,
            35.9789198888859
          ],
          [
            -120.5476975522148,
            35.97890816644296
          ],
          [
            -120.5477088454228,
            35.97889640268456
          ],
          [
            -120.5477201989799,
            35.97888463892617
          ],
          [
            -120.5477315318389,
            35.97887284759732
          ],
          [
            -120.547742825047,
            35.97886101661745
          ],
          [
            -120.5477541802685,
            35.97884912362416
          ],
          [
            -120.5477655114631,
            35.97883725465772
          ],
          [
            -120.5477768046711,
            35.97882542367785
          ],
          [
            -120.5477882889128,
            35.97881346534228
          ],
          [
            -120.5477997528859,
            35.97880149991946
          ],
          [
            -120.5478111805369,
            35.97878953449665
          ],
          [
            -120.5478227388725,
            35.97877763441611
          ],
          [
            -120.5478342358389,
            35.97876567108725
          ],
          [
            -120.5478456634899,
            35.97875363844295
          ],
          [
            -120.5478572251544,
            35.97874160579866
          ],
          [
            -120.5478687530201,
            35.97872960738255
          ],
          [
            -120.5478802478926,
            35.97871764051007
          ],
          [
            -120.5478917427651,
            35.97870560786578
          ],
          [
            -120.5479031658523,
            35.9786936111141
          ],
          [
            -120.547914529396,
            35.97868164257719
          ],
          [
            -120.547925957047,
            35.97866960993289
          ],
          [
            -120.547937384698,
            35.97865761484564
          ],
          [
            -120.547948802792,
            35.97864564942282
          ],
          [
            -120.547960096,
            35.978633684
          ],
          [
            -120.547971467651,
            35.97862171857718
          ],
          [
            -120.5479828759732,
            35.97860974671141
          ],
          [
            -120.5479941019597,
            35.97859771406711
          ],
          [
            -120.5480054097181,
            35.97858576319463
          ],
          [
            -120.5480167539329,
            35.97857386499329
          ],
          [
            -120.5480279799195,
            35.97856196679195
          ],
          [
            -120.548039205906,
            35.97855006859061
          ],
          [
            -120.5480504416644,
            35.97853817038926
          ],
          [
            -120.5480617348725,
            35.97852627218792
          ],
          [
            -120.5480729838658,
            35.97851441820134
          ],
          [
            -120.5480842098523,
            35.97850259865772
          ],
          [
            -120.5480954358389,
            35.97849083489933
          ],
          [
            -120.5481067077047,
            35.97847907114094
          ],
          [
            -120.5481179878121,
            35.97846733358389
          ],
          [
            -120.5481292137987,
            35.97845570426846
          ],
          [
            -120.5481404873289,
            35.97844407495302
          ],
          [
            -120.5481518100671,
            35.97843244563758
          ],
          [
            -120.5481632377181,
            35.97842081632215
          ],
          [
            -120.548174566953,
            35.97840923621477
          ],
          [
            -120.5481858930201,
            35.97839769055034
          ],
          [
            -120.5481973206712,
            35.97838619567785
          ],
          [
            -120.5482087483222,
            35.9783745990604
          ],
          [
            -120.5482201759732,
            35.97836302402685
          ],
          [
            -120.5482316036242,
            35.97835159637584
          ],
          [
            -120.5482429787383,
            35.97834006365101
          ],
          [
            -120.5482543786846,
            35.97832850155704
          ],
          [
            -120.548265873557,
            35.97831693946308
          ],
          [
            -120.5482773142282,
            35.97830543157047
          ],
          [
            -120.5482887418792,
            35.97829389385235
          ],
          [
            -120.5483001695302,
            35.97828226453692
          ],
          [
            -120.5483115413154,
            35.97827063522148
          ],
          [
            -120.5483229248322,
            35.97825900590604
          ],
          [
            -120.5483343524832,
            35.97824737659061
          ],
          [
            -120.5483457801342,
            35.97823574727517
          ],
          [
            -120.5483572325369,
            35.97822411795973
          ],
          [
            -120.5483687274094,
            35.9782124886443
          ],
          [
            -120.5483802222819,
            35.97820085932886
          ],
          [
            -120.5483917435705,
            35.97818923001342
          ],
          [
            -120.5484033056644,
            35.97817760069798
          ],
          [
            -120.5484148677584,
            35.97816597138255
          ],
          [
            -120.5484264017718,
            35.97815434206711
          ],
          [
            -120.5484378966443,
            35.97814271275168
          ],
          [
            -120.5484495165638,
            35.97813108343624
          ],
          [
            -120.5484611161342,
            35.97811945412081
          ],
          [
            -120.5484726782282,
            35.97810782480537
          ],
          [
            -120.5484842403222,
            35.97809619548993
          ],
          [
            -120.5484957710067,
            35.9780845347651
          ],
          [
            -120.5485072658792,
            35.97807283822819
          ],
          [
            -120.548518826604,
            35.97806114169128
          ],
          [
            -120.548530388698,
            35.97804944515436
          ],
          [
            -120.5485419507919,
            35.97803774861745
          ],
          [
            -120.5485535128859,
            35.97802605208054
          ],
          [
            -120.5485650402416,
            35.97801435554362
          ],
          [
            -120.5485765351141,
            35.97800265704698
          ],
          [
            -120.5485880299866,
            35.97799089328859
          ],
          [
            -120.5485995612617,
            35.97797916593289
          ],
          [
            -120.5486111197315,
            35.97796746939597
          ],
          [
            -120.548622614604,
            35.97795577285906
          ],
          [
            -120.5486341475436,
            35.97794411438926
          ],
          [
            -120.5486457096376,
            35.97793248507382
          ],
          [
            -120.5486572717315,
            35.97792085575839
          ],
          [
            -120.548668873557,
            35.97790922644295
          ],
          [
            -120.5486804959195,
            35.97789760408054
          ],
          [
            -120.5486920580134,
            35.97788604198658
          ],
          [
            -120.5487036201074,
            35.97787443849665
          ],
          [
            -120.5487151908188,
            35.97786282641611
          ],
          [
            -120.5487268201342,
            35.97785133154363
          ],
          [
            -120.5487384063893,
            35.97783983667114
          ],
          [
            -120.5487499787651,
            35.97782834179866
          ],
          [
            -120.5487616080805,
            35.97781684692617
          ],
          [
            -120.548773237396,
            35.97780539677852
          ],
          [
            -120.5487848667114,
            35.97779395718121
          ],
          [
            -120.5487964960268,
            35.97778246230872
          ],
          [
            -120.5488081253423,
            35.97777106021476
          ],
          [
            -120.5488197682685,
            35.97775968617449
          ],
          [
            -120.5488314648054,
            35.97774825852349
          ],
          [
            -120.5488431613423,
            35.97773687892617
          ],
          [
            -120.5488548731544,
            35.97772550322148
          ],
          [
            -120.5488666369127,
            35.97771407557047
          ],
          [
            -120.548878350953,
            35.97770264791946
          ],
          [
            -120.5488900474899,
            35.97769122026845
          ],
          [
            -120.5489017440268,
            35.97767979261745
          ],
          [
            -120.5489133891812,
            35.97766826220134
          ],
          [
            -120.5489250557047,
            35.97765671871141
          ],
          [
            -120.5489368194631,
            35.97764522383893
          ],
          [
            -120.5489485301745,
            35.97763372896644
          ],
          [
            -120.5489602267114,
            35.97762219355705
          ],
          [
            -120.5489719232483,
            35.97761056424161
          ],
          [
            -120.5489835650738,
            35.97759898963758
          ],
          [
            -120.5489952163222,
            35.97758744947651
          ],
          [
            -120.5490069128591,
            35.97757595460403
          ],
          [
            -120.549018609396,
            35.97756440335571
          ],
          [
            -120.5490302823356,
            35.97755284126175
          ],
          [
            -120.549041911651,
            35.97754127916779
          ],
          [
            -120.5490535990067,
            35.97752971707383
          ],
          [
            -120.5490652955436,
            35.97751815497986
          ],
          [
            -120.5490769920805,
            35.9775065928859
          ],
          [
            -120.5490886886174,
            35.97749497108725
          ],
          [
            -120.5491003582282,
            35.97748336869799
          ],
          [
            -120.5491119875436,
            35.97747180660403
          ],
          [
            -120.5491236782282,
            35.97746018314094
          ],
          [
            -120.5491353461745,
            35.9774485252349
          ],
          [
            -120.5491469754899,
            35.97743682869798
          ],
          [
            -120.5491585417718,
            35.97742519519463
          ],
          [
            -120.5491701341208,
            35.97741359613423
          ],
          [
            -120.5491817634363,
            35.97740203404027
          ],
          [
            -120.5491933927517,
            35.97739034255034
          ],
          [
            -120.5492050220671,
            35.97737867793289
          ],
          [
            -120.5492166513826,
            35.97736704861745
          ],
          [
            -120.549228280698,
            35.97735541930201
          ],
          [
            -120.5492398764295,
            35.97734378998658
          ],
          [
            -120.5492514385235,
            35.97733215986577
          ],
          [
            -120.5492630006174,
            35.97732046332886
          ],
          [
            -120.5492745627114,
            35.97730880204027
          ],
          [
            -120.5492861272752,
            35.97729717272483
          ],
          [
            -120.5492977565906,
            35.97728554340939
          ],
          [
            -120.5493093120805,
            35.9772738771812
          ],
          [
            -120.549320806953,
            35.97726218477852
          ],
          [
            -120.5493323018255,
            35.97725055546309
          ],
          [
            -120.5493438352752,
            35.97723884899329
          ],
          [
            -120.5493553915705,
            35.97722709683222
          ],
          [
            -120.549366886443,
            35.97721546751678
          ],
          [
            -120.5493783813154,
            35.97720375771812
          ],
          [
            -120.549389883651,
            35.97719200142282
          ],
          [
            -120.549401445745,
            35.97718030488591
          ],
          [
            -120.5494129240269,
            35.97716865025503
          ],
          [
            -120.5494243608054,
            35.97715701181208
          ],
          [
            -120.5494358556779,
            35.97714531527517
          ],
          [
            -120.5494472634094,
            35.97713357516778
          ],
          [
            -120.5494586454228,
            35.9771218114094
          ],
          [
            -120.5494701402953,
            35.97711004765101
          ],
          [
            -120.5494814994631,
            35.97709832912751
          ],
          [
            -120.5494928051275,
            35.97708662013422
          ],
          [
            -120.5495041655571,
            35.97707485637584
          ],
          [
            -120.5495154321879,
            35.97706313951678
          ],
          [
            -120.5495266581745,
            35.97705142885906
          ],
          [
            -120.5495378841611,
            35.97703966510068
          ],
          [
            -120.5495491101477,
            35.97702794990604
          ],
          [
            -120.549560320349,
            35.97701625336913
          ],
          [
            -120.5495714791141,
            35.97700455683221
          ],
          [
            -120.5495826378792,
            35.9769928602953
          ],
          [
            -120.5495937966443,
            35.97698114630872
          ],
          [
            -120.5496049554094,
            35.97696938255034
          ],
          [
            -120.5496160622819,
            35.97695767068456
          ],
          [
            -120.5496271538255,
            35.97694599326174
          ],
          [
            -120.5496382453691,
            35.97693436394631
          ],
          [
            -120.5496493369128,
            35.97692273463088
          ],
          [
            -120.5496604284564,
            35.97691108453692
          ],
          [
            -120.54967152,
            35.976899388
          ],
          [
            -120.5496825563222,
            35.97688769146308
          ],
          [
            -120.5496936030872,
            35.97687599492617
          ],
          [
            -120.5497046946309,
            35.97686429838927
          ],
          [
            -120.5497157861745,
            35.97685260185235
          ],
          [
            -120.5497269018255,
            35.97684090531543
          ],
          [
            -120.5497380605906,
            35.97682920877853
          ],
          [
            -120.5497491608054,
            35.97681745369128
          ],
          [
            -120.549760252349,
            35.9768057157047
          ],
          [
            -120.5497713438926,
            35.97679401916778
          ],
          [
            -120.5497824354362,
            35.97678232263087
          ],
          [
            -120.5497934995436,
            35.97677059865772
          ],
          [
            -120.5498045238658,
            35.97675883489933
          ],
          [
            -120.5498156100671,
            35.97674713302013
          ],
          [
            -120.5498266434094,
            35.97673540738255
          ],
          [
            -120.5498376005101,
            35.97672364362416
          ],
          [
            -120.5498486211544,
            35.97671187986577
          ],
          [
            -120.5498595839463,
            35.97670017763758
          ],
          [
            -120.5498704738255,
            35.97668854832214
          ],
          [
            -120.5498814289128,
            35.97667685379866
          ],
          [
            -120.5498923860134,
            35.97666515726174
          ],
          [
            -120.5499033431141,
            35.97665346072483
          ],
          [
            -120.5499142333423,
            35.97664169731544
          ],
          [
            -120.5499251232215,
            35.97663003583892
          ],
          [
            -120.5499360104698,
            35.97661847111409
          ],
          [
            -120.549946765906,
            35.97660677457718
          ],
          [
            -120.5499575571007,
            35.97659511379866
          ],
          [
            -120.5499683767785,
            35.97658348448322
          ],
          [
            -120.5499791322148,
            35.97657185516778
          ],
          [
            -120.5499899250738,
            35.97656022585235
          ],
          [
            -120.5500007384429,
            35.97654860118121
          ],
          [
            -120.5500114266577,
            35.97653703908725
          ],
          [
            -120.5500221539597,
            35.97652543790604
          ],
          [
            -120.5500328967785,
            35.97651381489933
          ],
          [
            -120.5500435177718,
            35.97650225280537
          ],
          [
            -120.5500541795168,
            35.97649064995974
          ],
          [
            -120.5500648517852,
            35.97647902861745
          ],
          [
            -120.550075405557,
            35.97646746652349
          ],
          [
            -120.5500859593289,
            35.97645586201342
          ],
          [
            -120.5500964938255,
            35.97644423269799
          ],
          [
            -120.5501069131544,
            35.97643260338255
          ],
          [
            -120.5501173324832,
            35.97642097406712
          ],
          [
            -120.5501277405101,
            35.97640934475168
          ],
          [
            -120.5501380926174,
            35.97639771543624
          ],
          [
            -120.5501483989799,
            35.97638613186577
          ],
          [
            -120.5501586708993,
            35.97637455680537
          ],
          [
            -120.5501688885638,
            35.97636292748993
          ],
          [
            -120.5501790114094,
            35.9763512981745
          ],
          [
            -120.5501890946309,
            35.9763396981208
          ],
          [
            -120.5501991778523,
            35.97632820324832
          ],
          [
            -120.550209212,
            35.97631665930201
          ],
          [
            -120.550219228,
            35.97630509720805
          ],
          [
            -120.550229244,
            35.9762935351141
          ],
          [
            -120.5502391585235,
            35.97628202375839
          ],
          [
            -120.5502490221208,
            35.97627051092617
          ],
          [
            -120.5502588364564,
            35.97625894883221
          ],
          [
            -120.5502686507919,
            35.97624743914094
          ],
          [
            -120.5502784455034,
            35.97623594426846
          ],
          [
            -120.5502881926174,
            35.97622444939598
          ],
          [
            -120.5502978856644,
            35.97621300859061
          ],
          [
            -120.550307565557,
            35.97620155965101
          ],
          [
            -120.5503172454497,
            35.97619006477853
          ],
          [
            -120.5503269253423,
            35.97617862563759
          ],
          [
            -120.5503365363758,
            35.97616717503356
          ],
          [
            -120.550346014604,
            35.97615568016108
          ],
          [
            -120.5503556076242,
            35.97614424268456
          ],
          [
            -120.5503651956779,
            35.97613279041611
          ],
          [
            -120.5503747411275,
            35.97612129554363
          ],
          [
            -120.5503841684564,
            35.97610980067114
          ],
          [
            -120.550393605745,
            35.97609830579866
          ],
          [
            -120.5504030839732,
            35.97608681092618
          ],
          [
            -120.5504125014765,
            35.97607531605369
          ],
          [
            -120.5504219124832,
            35.97606384912751
          ],
          [
            -120.5504313234899,
            35.97605242147651
          ],
          [
            -120.5504407968859,
            35.97604093143624
          ],
          [
            -120.5504502158926,
            35.9760294661745
          ],
          [
            -120.5504595596778,
            35.97601803852348
          ],
          [
            -120.5504690315705,
            35.97600654681879
          ],
          [
            -120.5504784472483,
            35.97599505194631
          ],
          [
            -120.5504877910336,
            35.97598355707383
          ],
          [
            -120.550497266255,
            35.97597199648322
          ],
          [
            -120.5505067115436,
            35.97596043438926
          ],
          [
            -120.5505161225503,
            35.9759488722953
          ],
          [
            -120.550525533557,
            35.97593731020134
          ],
          [
            -120.5505349099597,
            35.97592574810738
          ],
          [
            -120.5505442555705,
            35.97591418601343
          ],
          [
            -120.5505536665772,
            35.97590262391947
          ],
          [
            -120.5505630413154,
            35.97589109809396
          ],
          [
            -120.5505723920805,
            35.97587959973154
          ],
          [
            -120.5505818703087,
            35.97586803763758
          ],
          [
            -120.5505912347382,
            35.97585647554362
          ],
          [
            -120.5506005216107,
            35.97584491344966
          ],
          [
            -120.5506099326174,
            35.9758333513557
          ],
          [
            -120.5506193040268,
            35.97582178926174
          ],
          [
            -120.5506286478121,
            35.97581022034899
          ],
          [
            -120.5506379915973,
            35.97579859103356
          ],
          [
            -120.5506473353825,
            35.97578700297986
          ],
          [
            -120.5506566706846,
            35.9757754408859
          ],
          [
            -120.5506659472483,
            35.97576387879194
          ],
          [
            -120.5506752667383,
            35.97575231669799
          ],
          [
            -120.5506845902282,
            35.97574076475168
          ],
          [
            -120.5506937995705,
            35.9757292698792
          ],
          [
            -120.5507030089128,
            35.97571777500671
          ],
          [
            -120.5507122300671,
            35.97570629194631
          ],
          [
            -120.5507215066309,
            35.97569486429531
          ],
          [
            -120.5507306444295,
            35.9756834366443
          ],
          [
            -120.5507397328054,
            35.9756720224698
          ],
          [
            -120.5507488749262,
            35.97566066204027
          ],
          [
            -120.5507579691275,
            35.97564925369128
          ],
          [
            -120.550766998604,
            35.97563785632215
          ],
          [
            -120.5507758718389,
            35.97562656311409
          ],
          [
            -120.5507847946577,
            35.97561526990604
          ],
          [
            -120.5507937015034,
            35.97560401030873
          ],
          [
            -120.5508025075168,
            35.97559285154362
          ],
          [
            -120.5508112110336,
            35.9755816415302
          ],
          [
            -120.5508198456644,
            35.97557043401343
          ],
          [
            -120.5508283827919,
            35.97555927524832
          ],
          [
            -120.550836814094,
            35.97554811648322
          ],
          [
            -120.5508451966443,
            35.97553699798657
          ],
          [
            -120.5508535321074,
            35.97552597366443
          ],
          [
            -120.5508617038389,
            35.9755148947651
          ],
          [
            -120.5508698158389,
            35.97550384681879
          ],
          [
            -120.5508778824161,
            35.97549288971812
          ],
          [
            -120.5508858927517,
            35.97548193261745
          ],
          [
            -120.5508938451812,
            35.97547102244295
          ],
          [
            -120.550901710094,
            35.97546019978523
          ],
          [
            -120.5509094012886,
            35.97544943503356
          ],
          [
            -120.5509170645369,
            35.97543870472484
          ],
          [
            -120.5509247277852,
            35.97542801651007
          ],
          [
            -120.5509322123221,
            35.97541738786578
          ],
          [
            -120.550939700698,
            35.97540679366443
          ],
          [
            -120.5509472295034,
            35.97539623989262
          ],
          [
            -120.550954574604,
            35.9753857473557
          ],
          [
            -120.5509618163758,
            35.97537526080536
          ],
          [
            -120.5509689418523,
            35.97536477425503
          ],
          [
            -120.5509760673289,
            35.97535447640269
          ],
          [
            -120.5509831626846,
            35.97534419151678
          ],
          [
            -120.5509902209396,
            35.97533390663087
          ],
          [
            -120.5509970855034,
            35.97532368630872
          ],
          [
            -120.551003942094,
            35.97531353221476
          ],
          [
            -120.5510107986846,
            35.97530344899329
          ],
          [
            -120.5510175228188,
            35.975293432
          ],
          [
            -120.5510242115168,
            35.975283416
          ],
          [
            -120.551030866443,
            35.97527340134229
          ],
          [
            -120.5510375213691,
            35.97526351978524
          ],
          [
            -120.5510441060671,
            35.97525363822819
          ],
          [
            -120.5510506242148,
            35.97524375667114
          ],
          [
            -120.5510570774765,
            35.97523387511409
          ],
          [
            -120.5510634939597,
            35.9752240671141
          ],
          [
            -120.551069884,
            35.97521432
          ],
          [
            -120.5510763372617,
            35.97520457288591
          ],
          [
            -120.5510827136376,
            35.97519490265772
          ],
          [
            -120.5510890324564,
            35.97518528998658
          ],
          [
            -120.5510953512752,
            35.97517567731543
          ],
          [
            -120.5511016299866,
            35.97516610475168
          ],
          [
            -120.5511078815839,
            35.97515656663087
          ],
          [
            -120.5511141331812,
            35.97514708840269
          ],
          [
            -120.5511203847785,
            35.97513765194631
          ],
          [
            -120.5511266363758,
            35.97512825892618
          ],
          [
            -120.5511328879732,
            35.97511898236242
          ],
          [
            -120.5511390961342,
            35.9751097492349
          ],
          [
            -120.5511452805101,
            35.97510055055034
          ],
          [
            -120.5511514648859,
            35.97509140842953
          ],
          [
            -120.5511576041611,
            35.97508231140939
          ],
          [
            -120.5511637089933,
            35.97507324883222
          ],
          [
            -120.5511697589262,
            35.97506424115436
          ],
          [
            -120.5511758088591,
            35.97505532700671
          ],
          [
            -120.5511818448054,
            35.97504646775839
          ],
          [
            -120.5511878275168,
            35.97503766174496
          ],
          [
            -120.5511937617987,
            35.97502895259061
          ],
          [
            -120.5511996772886,
            35.97502031232214
          ],
          [
            -120.5512055927785,
            35.97501177519463
          ],
          [
            -120.5512114581745,
            35.97500333825504
          ],
          [
            -120.5512172718121,
            35.97499493557047
          ],
          [
            -120.5512229856376,
            35.97498653288591
          ],
          [
            -120.5512286994631,
            35.97497828547651
          ],
          [
            -120.5512344132886,
            35.9749701224161
          ],
          [
            -120.5512401271141,
            35.97496205583893
          ],
          [
            -120.5512456806711,
            35.97495409610738
          ],
          [
            -120.5512511515436,
            35.97494620526174
          ],
          [
            -120.5512565292617,
            35.97493840757047
          ],
          [
            -120.5512619069799,
            35.97493077514094
          ],
          [
            -120.5512672623893,
            35.97492322373154
          ],
          [
            -120.5512725728859,
            35.97491576214765
          ],
          [
            -120.5512777698792,
            35.97490841406712
          ],
          [
            -120.5512829219597,
            35.97490111089933
          ],
          [
            -120.551288030792,
            35.97489385097987
          ],
          [
            -120.5512931396242,
            35.97488670789262
          ],
          [
            -120.5512981971812,
            35.97487963369127
          ],
          [
            -120.5513031715705,
            35.97487264265772
          ],
          [
            -120.5513080257987,
            35.97486577178523
          ],
          [
            -120.5513128111409,
            35.97485891519463
          ],
          [
            -120.5513175166443,
            35.97485205860403
          ],
          [
            -120.5513222221476,
            35.97484526375839
          ],
          [
            -120.551326927651,
            35.97483853232215
          ],
          [
            -120.5513316331544,
            35.97483187739597
          ],
          [
            -120.5513362118389,
            35.9748252224698
          ],
          [
            -120.5513407216376,
            35.97481859817449
          ],
          [
            -120.551345158255,
            35.9748120104698
          ],
          [
            -120.5513496599463,
            35.97480548783892
          ],
          [
            -120.5513541314899,
            35.97479899965101
          ],
          [
            -120.5513585681074,
            35.97479254638926
          ],
          [
            -120.5513628712483,
            35.97478615986577
          ],
          [
            -120.5513671734228,
            35.9747797738255
          ],
          [
            -120.5513714744161,
            35.97477338778523
          ],
          [
            -120.5513757093691,
            35.97476700174497
          ],
          [
            -120.551379908698,
            35.97476065132886
          ],
          [
            -120.5513840792752,
            35.97475433251007
          ],
          [
            -120.5513883142282,
            35.97474801369128
          ],
          [
            -120.5513925118926,
            35.97474173216107
          ],
          [
            -120.5513966751141,
            35.97473548056376
          ],
          [
            -120.5514007756242,
            35.97472922896644
          ],
          [
            -120.5514048761342,
            35.97472297736913
          ],
          [
            -120.5514089704698,
            35.97471672577181
          ],
          [
            -120.5514130037584,
            35.97471047417449
          ],
          [
            -120.5514170776644,
            35.97470422257718
          ],
          [
            -120.5514211703356,
            35.97469797097986
          ],
          [
            -120.5514252036241,
            35.97469171938255
          ],
          [
            -120.5514292791946,
            35.97468546778524
          ],
          [
            -120.5514333797047,
            35.97467921618792
          ],
          [
            -120.5514374802148,
            35.9746729645906
          ],
          [
            -120.5514415807248,
            35.97466662510067
          ],
          [
            -120.5514456812349,
            35.97466025022819
          ],
          [
            -120.551449781745,
            35.97465393140939
          ],
          [
            -120.5514538366443,
            35.9746476125906
          ],
          [
            -120.5514578827651,
            35.9746412809396
          ],
          [
            -120.5514619832752,
            35.97463489489932
          ],
          [
            -120.5514660837852,
            35.97462850885906
          ],
          [
            -120.551470155302,
            35.97462213731544
          ],
          [
            -120.5514741213691,
            35.97461581849664
          ],
          [
            -120.5514781853154,
            35.97460949967785
          ],
          [
            -120.5514822535034,
            35.97460318085906
          ],
          [
            -120.5514862195705,
            35.97459686204026
          ],
          [
            -120.5514902362416,
            35.97459054322147
          ],
          [
            -120.5514942517047,
            35.97458422440268
          ],
          [
            -120.5514982177718,
            35.97457790558389
          ],
          [
            -120.5515021315705,
            35.97457169130201
          ],
          [
            -120.551506069396,
            35.97456552641611
          ],
          [
            -120.5515101026846,
            35.97455940926174
          ],
          [
            -120.5515140281074,
            35.97455329210738
          ],
          [
            -120.5515179057986,
            35.97454723841611
          ],
          [
            -120.5515217374228,
            35.97454132292618
          ],
          [
            -120.551525569047,
            35.97453551863087
          ],
          [
            -120.5515293778523,
            35.97452976040268
          ],
          [
            -120.551533142255,
            35.97452404657718
          ],
          [
            -120.5515369066577,
            35.97451850453691
          ],
          [
            -120.551540622094,
            35.97451301685906
          ],
          [
            -120.5515442520537,
            35.97450757191947
          ],
          [
            -120.5515479409396,
            35.97450230375839
          ],
          [
            -120.5515515858255,
            35.97449706048322
          ],
          [
            -120.5515551485638,
            35.97449181720805
          ],
          [
            -120.5515586507114,
            35.9744868162953
          ],
          [
            -120.5515621184161,
            35.97448184190604
          ],
          [
            -120.5515655467114,
            35.97447686751678
          ],
          [
            -120.5515689127517,
            35.97447207989261
          ],
          [
            -120.5515722738255,
            35.9744673366443
          ],
          [
            -120.5515756348993,
            35.97446263114094
          ],
          [
            -120.5515789320537,
            35.97445805347651
          ],
          [
            -120.5515821636242,
            35.97445354469799
          ],
          [
            -120.5515853230335,
            35.97444910808053
          ],
          [
            -120.5515885480268,
            35.97444486821476
          ],
          [
            -120.5515916762416,
            35.97444063326174
          ],
          [
            -120.551594701208,
            35.97443639838927
          ],
          [
            -120.5515977261745,
            35.97443236510068
          ],
          [
            -120.5516007511409,
            35.97442840075168
          ],
          [
            -120.5516037727248,
            35.97442450359731
          ],
          [
            -120.5516066632483,
            35.97442067197316
          ],
          [
            -120.5516095537718,
            35.97441691261745
          ],
          [
            -120.5516124375839,
            35.97441322214765
          ],
          [
            -120.5516151936644,
            35.9744096594094
          ],
          [
            -120.5516179119463,
            35.97440617226846
          ],
          [
            -120.5516206058255,
            35.97440274899329
          ],
          [
            -120.551623361906,
            35.97439938791946
          ],
          [
            -120.5516260390604,
            35.97439610577182
          ],
          [
            -120.551628660698,
            35.97439289251007
          ],
          [
            -120.5516312823356,
            35.97438980032214
          ],
          [
            -120.5516338217181,
            35.97438683151677
          ],
          [
            -120.5516363089127,
            35.97438394099328
          ],
          [
            -120.5516387961074,
            35.97438105046979
          ],
          [
            -120.5516411977181,
            35.97437828832214
          ],
          [
            -120.5516435604832,
            35.97437561948993
          ],
          [
            -120.5516459804564,
            35.97437306507383
          ],
          [
            -120.5516483559732,
            35.97437051065772
          ],
          [
            -120.5516507087248,
            35.97436799127517
          ],
          [
            -120.5516530614765,
            35.97436563852349
          ],
          [
            -120.5516552758658,
            35.97436333189262
          ],
          [
            -120.5516574402953,
            35.97436107304698
          ],
          [
            -120.551659658604,
            35.97435892195973
          ],
          [
            -120.551661733557,
            35.97435686644295
          ],
          [
            -120.5516637502013,
            35.97435486480537
          ],
          [
            -120.5516657668456,
            35.97435291538255
          ],
          [
            -120.5516677340403,
            35.97435096595974
          ],
          [
            -120.5516696834631,
            35.97434904987919
          ],
          [
            -120.5516716328859,
            35.97434723489933
          ],
          [
            -120.5516734800805,
            35.97434552214765
          ],
          [
            -120.5516752767248,
            35.97434385994631
          ],
          [
            -120.5516770244832,
            35.97434224663087
          ],
          [
            -120.5516788250201,
            35.97434079165101
          ],
          [
            -120.55168058,
            35.97433936
          ],
          [
            -120.5516821933154,
            35.97433788112752
          ],
          [
            -120.551683697745,
            35.97433656558389
          ],
          [
            -120.5516851982819,
            35.97433531004027
          ],
          [
            -120.5516867443758,
            35.97433410005369
          ],
          [
            -120.5516882343624,
            35.97433283395973
          ],
          [
            -120.5516896665772,
            35.9743316034094
          ],
          [
            -120.5516910110067,
            35.9743304606443
          ],
          [
            -120.5516922398926,
            35.97432943342282
          ],
          [
            -120.5516933998926,
            35.97432845009396
          ],
          [
            -120.5516944754362,
            35.97432750899329
          ],
          [
            -120.5516955509799,
            35.97432662732886
          ],
          [
            -120.551696573208,
            35.97432578010738
          ],
          [
            -120.5516975143087,
            35.97432497344966
          ],
          [
            -120.5516983943087,
            35.97432422789262
          ],
          [
            -120.5516991832215,
            35.97432351677853
          ],
          [
            -120.5516998554362,
            35.97432284456376
          ],
          [
            -120.551700527651,
            35.97432223511409
          ],
          [
            -120.5517011398926,
            35.97432166010738
          ],
          [
            -120.5517016776644,
            35.97432112233557
          ],
          [
            -120.5517022154362,
            35.97432058456376
          ],
          [
            -120.551702721557,
            35.97432007844296
          ],
          [
            -120.5517031921074,
            35.97431960789262
          ],
          [
            -120.5517035965638,
            35.97431913734228
          ],
          [
            -120.5517038999463,
            35.97431866679194
          ],
          [
            -120.5517041026846,
            35.97431819785235
          ],
          [
            -120.5517044387919,
            35.97431792896644
          ],
          [
            -120.5517046699597,
            35.97431766008054
          ],
          [
            -120.551704806604,
            35.97431738899328
          ],
          [
            -120.5517050082685,
            35.9743170528859
          ],
          [
            -120.5517051732886,
            35.97431675342282
          ],
          [
            -120.5517053077315,
            35.97431648067114
          ],
          [
            -120.5517054421745,
            35.97431614456376
          ],
          [
            -120.5517055383087,
            35.97431588507383
          ],
          [
            -120.5517056165906,
            35.97431567234899
          ],
          [
            -120.551705818255,
            35.97431533624161
          ],
          [
            -120.5517059799463,
            35.97431508008054
          ],
          [
            -120.5517061071946,
            35.97431487122148
          ],
          [
            -120.5517061744161,
            35.97431460233557
          ],
          [
            -120.5517063249127,
            35.97431437508725
          ],
          [
            -120.5517065177181,
            35.9743141557047
          ],
          [
            -120.5517066521611,
            35.97431381959732
          ],
          [
            -120.551706786604,
            35.97431352679195
          ],
          [
            -120.5517069315705,
            35.97431325790604
          ],
          [
            -120.5517071332349,
            35.97431298902013
          ],
          [
            -120.5517072899329,
            35.97431272013423
          ],
          [
            -120.5517074243758,
            35.97431245124832
          ],
          [
            -120.5517075588188,
            35.97431218236242
          ],
          [
            -120.5517077398926,
            35.97431191347651
          ],
          [
            -120.5517079138523,
            35.97431161688591
          ],
          [
            -120.5517079810738,
            35.97431121355705
          ],
          [
            -120.5517080965906,
            35.97431085852349
          ],
          [
            -120.5517082310335,
            35.97431050689933
          ],
          [
            -120.5517083654765,
            35.97431010357047
          ],
          [
            -120.5517084999195,
            35.97430970024161
          ],
          [
            -120.5517086515436,
            35.97430929691276
          ],
          [
            -120.5517088532081,
            35.9743088935839
          ],
          [
            -120.5517090032483,
            35.97430838700672
          ],
          [
            -120.5517091376913,
            35.97430783038926
          ],
          [
            -120.5517092721342,
            35.97430722539597
          ],
          [
            -120.5517095131544,
            35.9743065138255
          ],
          [
            -120.5517097615302,
            35.97430579489933
          ],
          [
            -120.5517099631946,
            35.97430512268456
          ],
          [
            -120.551710109906,
            35.97430445046979
          ],
          [
            -120.551710288698,
            35.97430377825503
          ],
          [
            -120.5517105575839,
            35.97430310604027
          ],
          [
            -120.5517107132349,
            35.97430243382551
          ],
          [
            -120.5517108715168,
            35.97430173777182
          ],
          [
            -120.5517110731812,
            35.97430099833557
          ],
          [
            -120.5517112165638,
            35.97430025889933
          ],
          [
            -120.5517114020134,
            35.97429949395973
          ],
          [
            -120.5517116708993,
            35.97429868730201
          ],
          [
            -120.5517118798389,
            35.97429788064429
          ],
          [
            -120.5517120815034,
            35.97429707398658
          ],
          [
            -120.5517122831678,
            35.97429626732886
          ],
          [
            -120.5517124848322,
            35.97429533744967
          ],
          [
            -120.5517127153289,
            35.97429442518121
          ],
          [
            -120.5517129842148,
            35.97429355130202
          ],
          [
            -120.5517132531007,
            35.97429261414765
          ],
          [
            -120.5517134609933,
            35.97429170354362
          ],
          [
            -120.5517135954362,
            35.97429082966443
          ],
          [
            -120.5517138597584,
            35.97428982590604
          ],
          [
            -120.5517141286443,
            35.97428884974497
          ],
          [
            -120.5517143975302,
            35.97428790864429
          ],
          [
            -120.5517146664161,
            35.9742869009396
          ],
          [
            -120.5517149014765,
            35.97428589261744
          ],
          [
            -120.5517151041879,
            35.97428488324832
          ],
          [
            -120.5517153730738,
            35.9742838077047
          ],
          [
            -120.5517156774497,
            35.97428276765101
          ],
          [
            -120.551716013557,
            35.97428175932886
          ],
          [
            -120.5517163496644,
            35.97428075100671
          ],
          [
            -120.5517166486174,
            35.97427974268456
          ],
          [
            -120.5517169218792,
            35.97427872998658
          ],
          [
            -120.5517172579866,
            35.97427765444296
          ],
          [
            -120.551717594094,
            35.97427661771813
          ],
          [
            -120.5517179362416,
            35.97427560939597
          ],
          [
            -120.5517183395705,
            35.97427460107383
          ],
          [
            -120.5517186619329,
            35.97427359275168
          ],
          [
            -120.5517189616376,
            35.97427258442953
          ],
          [
            -120.5517194994094,
            35.97427157610738
          ],
          [
            -120.5517199528859,
            35.97427056778523
          ],
          [
            -120.5517203562148,
            35.97426955946309
          ],
          [
            -120.5517207595436,
            35.97426855114094
          ],
          [
            -120.5517212066846,
            35.97426758663087
          ],
          [
            -120.5517216662013,
            35.97426663449664
          ],
          [
            -120.5517220695302,
            35.9742656261745
          ],
          [
            -120.5517225183356,
            35.97426461785235
          ],
          [
            -120.5517229888859,
            35.9742636095302
          ],
          [
            -120.5517234594362,
            35.97426260120805
          ],
          [
            -120.5517239299866,
            35.97426164002685
          ],
          [
            -120.5517244005369,
            35.97426068456376
          ],
          [
            -120.5517248710873,
            35.97425967624161
          ],
          [
            -120.551725390443,
            35.9742586191141
          ],
          [
            -120.5517259282148,
            35.97425755959731
          ],
          [
            -120.5517264659866,
            35.97425655127517
          ],
          [
            -120.5517269532886,
            35.97425554295302
          ],
          [
            -120.5517274061476,
            35.97425453463087
          ],
          [
            -120.5517278094765,
            35.97425352630872
          ],
          [
            -120.5517283170738,
            35.9742525701208
          ],
          [
            -120.5517288354899,
            35.97425160966443
          ],
          [
            -120.5517293060403,
            35.97425060134228
          ],
          [
            -120.5517298303893,
            35.97424948542282
          ],
          [
            -120.5517303681611,
            35.97424836367785
          ],
          [
            -120.5517309059329,
            35.97424728813423
          ],
          [
            -120.5517314991678,
            35.97424621259061
          ],
          [
            -120.5517320814765,
            35.97424513704698
          ],
          [
            -120.5517326192483,
            35.97424406150336
          ],
          [
            -120.5517332141477,
            35.97424298595973
          ],
          [
            -120.5517338434899,
            35.97424191041611
          ],
          [
            -120.5517345157047,
            35.97424083487249
          ],
          [
            -120.5517351291275,
            35.97423970053691
          ],
          [
            -120.5517357341208,
            35.97423858378523
          ],
          [
            -120.5517363391141,
            35.97423750824161
          ],
          [
            -120.5517369441074,
            35.97423637224161
          ],
          [
            -120.5517375491007,
            35.97423522947651
          ],
          [
            -120.551738154094,
            35.97423408671141
          ],
          [
            -120.5517386969664,
            35.9742329439463
          ],
          [
            -120.5517392934228,
            35.9742318011812
          ],
          [
            -120.5517399656376,
            35.9742306584161
          ],
          [
            -120.5517405102819,
            35.974229515651
          ],
          [
            -120.5517410480537,
            35.9742283728859
          ],
          [
            -120.5517415858255,
            35.9742272301208
          ],
          [
            -120.5517422544966,
            35.97422608735571
          ],
          [
            -120.5517428613691,
            35.9742249445906
          ],
          [
            -120.5517433991409,
            35.9742238018255
          ],
          [
            -120.5517438697987,
            35.97422259194631
          ],
          [
            -120.5517444090201,
            35.9742214162953
          ],
          [
            -120.5517450108993,
            35.9742202735302
          ],
          [
            -120.5517454814497,
            35.9742191307651
          ],
          [
            -120.551745988,
            35.974217988
          ],
          [
            -120.5517465257718,
            35.97421684201343
          ],
          [
            -120.5517470635436,
            35.97421563202685
          ],
          [
            -120.5517476389799,
            35.9742144597047
          ],
          [
            -120.5517482439732,
            35.97421331205368
          ],
          [
            -120.5517488489664,
            35.97421210206711
          ],
          [
            -120.5517494932886,
            35.9742109314094
          ],
          [
            -120.5517501655034,
            35.97420979519463
          ],
          [
            -120.5517508377181,
            35.97420871965101
          ],
          [
            -120.5517515509262,
            35.9742075621208
          ],
          [
            -120.5517522821476,
            35.97420636034899
          ],
          [
            -120.5517529543624,
            35.97420521758389
          ],
          [
            -120.5517536692349,
            35.97420407481879
          ],
          [
            -120.5517544086711,
            35.97420293205369
          ],
          [
            -120.5517551481074,
            35.97420178928859
          ],
          [
            -120.5517559318658,
            35.97420060220134
          ],
          [
            -120.5517567269799,
            35.97419941530201
          ],
          [
            -120.5517574664161,
            35.97419833975839
          ],
          [
            -120.5517582978255,
            35.97419721822819
          ],
          [
            -120.5517591717047,
            35.97419607546309
          ],
          [
            -120.5517600455839,
            35.97419493269798
          ],
          [
            -120.5517609671141,
            35.9741938852349
          ],
          [
            -120.5517618933423,
            35.97419286204027
          ],
          [
            -120.5517627672215,
            35.97419178649665
          ],
          [
            -120.5517637397315,
            35.97419071095302
          ],
          [
            -120.5517647645906,
            35.97418961887248
          ],
          [
            -120.5517658401342,
            35.97418847610739
          ],
          [
            -120.5517669156778,
            35.97418733334229
          ],
          [
            -120.5517680276242,
            35.97418620877853
          ],
          [
            -120.5517692376107,
            35.9741851332349
          ],
          [
            -120.551770394953,
            35.97418400504698
          ],
          [
            -120.5517715575839,
            35.97418288214765
          ],
          [
            -120.5517727675705,
            35.97418180660403
          ],
          [
            -120.551773977557,
            35.9741807310604
          ],
          [
            -120.5517751875436,
            35.97417963398657
          ],
          [
            -120.5517763975302,
            35.97417849122147
          ],
          [
            -120.5517776634899,
            35.97417734845637
          ],
          [
            -120.551778940698,
            35.97417625208054
          ],
          [
            -120.551780217906,
            35.97417524375839
          ],
          [
            -120.5517814951141,
            35.97417412016107
          ],
          [
            -120.5517827723221,
            35.97417297739597
          ],
          [
            -120.5517840495302,
            35.97417183463087
          ],
          [
            -120.5517853267383,
            35.9741708104698
          ],
          [
            -120.5517866304698,
            35.97416977562416
          ],
          [
            -120.5517879748993,
            35.97416870008053
          ],
          [
            -120.5517893193289,
            35.9741677464698
          ],
          [
            -120.5517906355705,
            35.97416686174496
          ],
          [
            -120.5517919127785,
            35.97416605508725
          ],
          [
            -120.5517932526175,
            35.97416524842953
          ],
          [
            -120.5517946268993,
            35.97416447162416
          ],
          [
            -120.5517960385503,
            35.97416373218792
          ],
          [
            -120.5517974502013,
            35.97416312134228
          ],
          [
            -120.5517988303356,
            35.974162516349
          ],
          [
            -120.5518001747651,
            35.9741619113557
          ],
          [
            -120.5518015851544,
            35.97416143828188
          ],
          [
            -120.5518030299866,
            35.97416096773154
          ],
          [
            -120.5518045080537,
            35.97416049798658
          ],
          [
            -120.5518058524832,
            35.9741601618792
          ],
          [
            -120.5518071620671,
            35.97415986061745
          ],
          [
            -120.5518084392752,
            35.97415959379866
          ],
          [
            -120.5518097164832,
            35.97415939213423
          ],
          [
            -120.5518109571812,
            35.97415922697986
          ],
          [
            -120.5518121634363,
            35.9741591
          ],
          [
            -120.5518133062014,
            35.9741591
          ],
          [
            -120.5518144489665,
            35.9741590618255
          ],
          [
            -120.5518155809396,
            35.97415899460402
          ],
          [
            -120.5518165892617,
            35.97415892738255
          ],
          [
            -120.5518176374228,
            35.97415897967785
          ],
          [
            -120.5518186988456,
            35.9741591070604
          ],
          [
            -120.5518196399463,
            35.97415917428188
          ],
          [
            -120.5518206640537,
            35.97415924150336
          ],
          [
            -120.5518217134228,
            35.97415931744966
          ],
          [
            -120.551822587302,
            35.97415945189262
          ],
          [
            -120.551823504349,
            35.97415958633557
          ],
          [
            -120.5518244558389,
            35.97415973116779
          ],
          [
            -120.5518254641611,
            35.97415993283222
          ],
          [
            -120.5518263828188,
            35.97416013449664
          ],
          [
            -120.551827256698,
            35.97416033616108
          ],
          [
            -120.5518281305772,
            35.9741605378255
          ],
          [
            -120.5518290044564,
            35.97416073948993
          ],
          [
            -120.5518298783356,
            35.97416094115437
          ],
          [
            -120.5518307522148,
            35.97416114281879
          ],
          [
            -120.5518315779329,
            35.97416129632214
          ],
          [
            -120.5518323845906,
            35.97416144614765
          ],
          [
            -120.5518331912483,
            35.97416164781208
          ],
          [
            -120.5518339480805,
            35.97416189930202
          ],
          [
            -120.5518347045638,
            35.97416215114094
          ],
          [
            -120.5518355112215,
            35.97416235280537
          ],
          [
            -120.5518362663893,
            35.9741625544698
          ],
          [
            -120.5518370058255,
            35.97416275613423
          ],
          [
            -120.5518377452617,
            35.97416295779865
          ],
          [
            -120.5518384315436,
            35.97416321261745
          ],
          [
            -120.5518391241342,
            35.97416346112752
          ],
          [
            -120.5518398635705,
            35.97416366279194
          ],
          [
            -120.5518405481879,
            35.97416391927517
          ],
          [
            -120.5518411983624,
            35.97416418816108
          ],
          [
            -120.5518418033557,
            35.97416445704698
          ],
          [
            -120.551842408349,
            35.97416466944966
          ],
          [
            -120.551843037047,
            35.97416489481879
          ],
          [
            -120.5518437092617,
            35.9741651637047
          ],
          [
            -120.5518443233289,
            35.97416537444295
          ],
          [
            -120.5518449283222,
            35.97416557610738
          ],
          [
            -120.5518455333154,
            35.97416577777182
          ],
          [
            -120.5518460784966,
            35.97416597943624
          ],
          [
            -120.5518466162685,
            35.97416618110067
          ],
          [
            -120.5518471540403,
            35.97416638276511
          ],
          [
            -120.5518477532886,
            35.97416652295302
          ],
          [
            -120.5518482721879,
            35.97416668609396
          ],
          [
            -120.5518486755168,
            35.97416688775839
          ],
          [
            -120.5518491419866,
            35.97416702628188
          ],
          [
            -120.5518496125369,
            35.97416716072483
          ],
          [
            -120.5518500830872,
            35.97416729516778
          ],
          [
            -120.5518504240268,
            35.97416749441611
          ],
          [
            -120.5518507921611,
            35.97416766405369
          ],
          [
            -120.5518511954899,
            35.97416779849664
          ],
          [
            -120.5518514658792,
            35.9741678664698
          ],
          [
            -120.5518517010738,
            35.97416800107383
          ],
          [
            -120.5518519018255,
            35.97416820182551
          ],
          [
            -120.5518520362685,
            35.97416833626846
          ],
          [
            -120.5518522414228,
            35.97416850606712
          ],
          [
            -120.5518525051544,
            35.97416870773154
          ],
          [
            -120.5518526395973,
            35.97416890939598
          ],
          [
            -120.5518527370201,
            35.97416907404027
          ],
          [
            -120.5518528042416,
            35.97416921696644
          ],
          [
            -120.5518528714631,
            35.97416948585235
          ],
          [
            -120.5518529386846,
            35.97416971605369
          ],
          [
            -120.5518530118121,
            35.97416991181208
          ],
          [
            -120.551853146255,
            35.97417004625503
          ],
          [
            -120.551853240349,
            35.97417022104698
          ],
          [
            -120.5518533151409,
            35.97417041514094
          ],
          [
            -120.5518534495839,
            35.9741705495839
          ],
          [
            -120.5518535840268,
            35.97417068402684
          ],
          [
            -120.5518537184698,
            35.9741708184698
          ],
          [
            -120.5518538529127,
            35.97417095291275
          ],
          [
            -120.5518539436779,
            35.97417104367785
          ],
          [
            -120.5518540435973,
            35.97417112179865
          ],
          [
            -120.5518543124832,
            35.97417125624161
          ],
          [
            -120.5518544906846,
            35.97417134534228
          ],
          [
            -120.5518546251275,
            35.97417141256376
          ],
          [
            -120.5518547595705,
            35.97417147978523
          ],
          [
            -120.5518548940134,
            35.97417159401342
          ],
          [
            -120.5518550569128,
            35.97417171422818
          ],
          [
            -120.5518553257987,
            35.97417178144966
          ],
          [
            -120.5518554973423,
            35.97417184867114
          ],
          [
            -120.5518556476779,
            35.97417191589262
          ],
          [
            -120.5518558493423,
            35.9741719831141
          ],
          [
            -120.5518560510067,
            35.97417210067114
          ],
          [
            -120.5518562351141,
            35.97417221755705
          ],
          [
            -120.5518563695571,
            35.97417228477853
          ],
          [
            -120.551856608,
            35.974172352
          ],
          [
            -120.5518568576644,
            35.97417243844296
          ],
          [
            -120.5518570593289,
            35.97417257288591
          ],
          [
            -120.5518572609933,
            35.97417265366443
          ],
          [
            -120.5518574835436,
            35.9741727208859
          ],
          [
            -120.5518577524295,
            35.97417278810738
          ],
          [
            -120.5518579659866,
            35.97417285532886
          ],
          [
            -120.551858167651,
            35.97417292255034
          ],
          [
            -120.5518583693154,
            35.97417298977182
          ],
          [
            -120.5518585709799,
            35.97417305699329
          ],
          [
            -120.5518587968591,
            35.97417312421477
          ],
          [
            -120.551859065745,
            35.97417319143624
          ],
          [
            -120.5518592759732,
            35.97417325865771
          ],
          [
            -120.5518594776376,
            35.97417335175839
          ],
          [
            -120.551859679302,
            35.97417348620134
          ],
          [
            -120.5518599412886,
            35.9741735
          ],
          [
            -120.5518602101745,
            35.97417352754363
          ],
          [
            -120.5518604790604,
            35.9741735947651
          ],
          [
            -120.5518606859597,
            35.97417366198658
          ],
          [
            -120.5518609752483,
            35.9741737
          ],
          [
            -120.5518613785772,
            35.9741737
          ],
          [
            -120.551861654604,
            35.97417363634899
          ],
          [
            -120.5518619852349,
            35.97417363087249
          ],
          [
            -120.5518623885638,
            35.97417369809396
          ],
          [
            -120.5518627265772,
            35.9741737
          ],
          [
            -120.5518630952215,
            35.9741737
          ],
          [
            -120.5518634985503,
            35.9741737
          ],
          [
            -120.5518639018792,
            35.9741737
          ],
          [
            -120.5518642710067,
            35.9741737
          ],
          [
            -120.5518646071141,
            35.9741737
          ],
          [
            -120.5518649432215,
            35.9741737
          ],
          [
            -120.5518653151946,
            35.97417366413423
          ],
          [
            -120.5518657185235,
            35.9741736
          ],
          [
            -120.5518661218523,
            35.9741736
          ],
          [
            -120.551866487651,
            35.9741736
          ],
          [
            -120.5518668285101,
            35.9741736
          ],
          [
            -120.5518672318389,
            35.9741736
          ],
          [
            -120.5518675959732,
            35.97417356080537
          ],
          [
            -120.5518679449128,
            35.9741735
          ],
          [
            -120.5518684154631,
            35.9741735
          ],
          [
            -120.5518688860134,
            35.97417345914094
          ],
          [
            -120.5518693404027,
            35.9741734
          ],
          [
            -120.5518696765101,
            35.9741734
          ],
          [
            -120.5518700976644,
            35.97417335747651
          ],
          [
            -120.5518705584698,
            35.97417329025503
          ],
          [
            -120.5518709617987,
            35.97417322303356
          ],
          [
            -120.5518713651275,
            35.97417315581208
          ],
          [
            -120.5518717798658,
            35.9741731
          ],
          [
            -120.5518722504161,
            35.9741731
          ],
          [
            -120.5518727209664,
            35.9741731
          ],
          [
            -120.5518731784429,
            35.97417308692618
          ],
          [
            -120.5518735817718,
            35.9741730197047
          ],
          [
            -120.5518740801342,
            35.974173
          ],
          [
            -120.551874617906,
            35.97417298526175
          ],
          [
            -120.5518751556779,
            35.97417291804027
          ],
          [
            -120.5518757426309,
            35.9741729
          ],
          [
            -120.5518763476242,
            35.9741729
          ],
          [
            -120.5518769526174,
            35.9741729
          ],
          [
            -120.5518776084564,
            35.97417284915436
          ],
          [
            -120.5518782806711,
            35.97417278193289
          ],
          [
            -120.5518789528859,
            35.97417271471141
          ],
          [
            -120.5518796251007,
            35.9741727
          ],
          [
            -120.551880317047,
            35.97417268026845
          ],
          [
            -120.5518810564832,
            35.97417261304698
          ],
          [
            -120.5518817959195,
            35.9741725458255
          ],
          [
            -120.5518825353557,
            35.9741725
          ],
          [
            -120.5518832747919,
            35.9741725
          ],
          [
            -120.5518840142282,
            35.97417244416108
          ],
          [
            -120.551884730604,
            35.9741724
          ],
          [
            -120.5518854028188,
            35.9741724
          ],
          [
            -120.5518861325369,
            35.9741724
          ],
          [
            -120.5518868719732,
            35.97417237527517
          ],
          [
            -120.5518876114094,
            35.97417230805369
          ],
          [
            -120.5518882916779,
            35.97417224083221
          ],
          [
            -120.5518889902819,
            35.97417217361074
          ],
          [
            -120.5518897297181,
            35.97417210638926
          ],
          [
            -120.5518904691544,
            35.9741721
          ],
          [
            -120.5518912085906,
            35.97417207194631
          ],
          [
            -120.5518919480268,
            35.97417200472484
          ],
          [
            -120.5518926249664,
            35.974172
          ],
          [
            -120.5518933566175,
            35.974172
          ],
          [
            -120.5518941632752,
            35.974172
          ],
          [
            -120.5518949057718,
            35.974172
          ],
          [
            -120.5518956138255,
            35.97417196861745
          ],
          [
            -120.5518962860403,
            35.97417190139598
          ],
          [
            -120.5518970240805,
            35.9741719
          ],
          [
            -120.5518977635168,
            35.97417193304698
          ],
          [
            -120.5518985026846,
            35.974172
          ],
          [
            -120.5518991748993,
            35.974172
          ],
          [
            -120.5518998818255,
            35.974172
          ],
          [
            -120.5519006193289,
            35.974172
          ],
          [
            -120.5519012915436,
            35.974172
          ],
          [
            -120.5519019637584,
            35.974172
          ],
          [
            -120.5519026395705,
            35.97417200359732
          ],
          [
            -120.5519033790067,
            35.97417207081879
          ],
          [
            -120.5519040804027,
            35.9741721
          ],
          [
            -120.5519047526174,
            35.9741721
          ],
          [
            -120.5519054248322,
            35.9741721
          ],
          [
            -120.5519061367517,
            35.9741721397047
          ],
          [
            -120.5519068761879,
            35.9741722
          ],
          [
            -120.5519076156242,
            35.9741722
          ],
          [
            -120.5519083136913,
            35.97417228273825
          ],
          [
            -120.5519089944966,
            35.9741724085906
          ],
          [
            -120.5519097339329,
            35.97417247581208
          ],
          [
            -120.5519104303356,
            35.97417254303356
          ],
          [
            -120.5519111128054,
            35.97417261025504
          ],
          [
            -120.5519118522416,
            35.97417267747651
          ],
          [
            -120.5519125916778,
            35.97417274469798
          ],
          [
            -120.5519133191946,
            35.97417282383893
          ],
          [
            -120.5519139914094,
            35.97417295828188
          ],
          [
            -120.5519147099866,
            35.97417304636242
          ],
          [
            -120.5519154494228,
            35.97417312716779
          ],
          [
            -120.5519161888591,
            35.97417326161074
          ],
          [
            -120.5519169282953,
            35.97417334802685
          ],
          [
            -120.5519176677315,
            35.97417343049664
          ],
          [
            -120.5519184071678,
            35.9741735649396
          ],
          [
            -120.551919146604,
            35.97417364969127
          ],
          [
            -120.5519198860403,
            35.97417375073825
          ],
          [
            -120.5519206254765,
            35.97417395240268
          ],
          [
            -120.5519213649128,
            35.97417410271141
          ],
          [
            -120.551922104349,
            35.97417423715437
          ],
          [
            -120.5519228437852,
            35.97417437159731
          ],
          [
            -120.5519236362416,
            35.9741745590604
          ],
          [
            -120.5519244226577,
            35.97417474048322
          ],
          [
            -120.551925162094,
            35.97417487492618
          ],
          [
            -120.5519259015302,
            35.97417500936913
          ],
          [
            -120.5519266409664,
            35.97417514381208
          ],
          [
            -120.5519273804027,
            35.97417527825503
          ],
          [
            -120.5519281198389,
            35.97417546904698
          ],
          [
            -120.5519288592752,
            35.97417564714094
          ],
          [
            -120.5519295987114,
            35.97417578158389
          ],
          [
            -120.5519303381476,
            35.97417591602684
          ],
          [
            -120.5519310775839,
            35.9741760757047
          ],
          [
            -120.5519318170201,
            35.97417627736913
          ],
          [
            -120.5519325564564,
            35.97417641935571
          ],
          [
            -120.5519332689933,
            35.97417658069799
          ],
          [
            -120.5519339412081,
            35.97417678236242
          ],
          [
            -120.5519346747651,
            35.97417698402685
          ],
          [
            -120.5519354142013,
            35.97417715712751
          ],
          [
            -120.5519361536376,
            35.97417729157047
          ],
          [
            -120.5519368930738,
            35.97417748902014
          ],
          [
            -120.5519376325101,
            35.97417766045638
          ],
          [
            -120.5519383719463,
            35.97417779489933
          ],
          [
            -120.5519390467114,
            35.97417799401342
          ],
          [
            -120.5519397508188,
            35.97417816378524
          ],
          [
            -120.551940490255,
            35.97417829822819
          ],
          [
            -120.5519411633557,
            35.97417849900671
          ],
          [
            -120.5519418691275,
            35.9741786671141
          ],
          [
            -120.5519426077852,
            35.97417880233557
          ],
          [
            -120.55194328,
            35.974179004
          ],
          [
            -120.5519439522148,
            35.97417920566443
          ],
          [
            -120.5519446268725,
            35.9741794048859
          ],
          [
            -120.5519453663087,
            35.97417953932886
          ],
          [
            -120.5519460688591,
            35.97417971065772
          ],
          [
            -120.5519467451812,
            35.97417991232215
          ],
          [
            -120.5519474846174,
            35.97418011398658
          ],
          [
            -120.5519481855033,
            35.974180315651
          ],
          [
            -120.5519488634899,
            35.97418052308725
          ],
          [
            -120.5519496029262,
            35.97418079197315
          ],
          [
            -120.5519503021476,
            35.97418098042953
          ],
          [
            -120.5519509817987,
            35.97418112974497
          ],
          [
            -120.5519517212349,
            35.97418139863088
          ],
          [
            -120.5519524606711,
            35.97418162563758
          ],
          [
            -120.5519531910067,
            35.97418183640268
          ],
          [
            -120.5519538632215,
            35.97418210528859
          ],
          [
            -120.5519545789799,
            35.97418233063087
          ],
          [
            -120.551955307651,
            35.9741825430604
          ],
          [
            -120.5519559798658,
            35.97418281194631
          ],
          [
            -120.5519566520805,
            35.97418303562416
          ],
          [
            -120.5519573242953,
            35.97418323728859
          ],
          [
            -120.5519579965101,
            35.97418343895302
          ],
          [
            -120.5519586687248,
            35.97418364061745
          ],
          [
            -120.5519593409396,
            35.97418384228188
          ],
          [
            -120.5519600131544,
            35.97418404394631
          ],
          [
            -120.5519606368322,
            35.97418424561074
          ],
          [
            -120.5519612575839,
            35.97418443151678
          ],
          [
            -120.5519619297987,
            35.97418456595973
          ],
          [
            -120.5519626020134,
            35.97418475060402
          ],
          [
            -120.5519632742282,
            35.97418493484564
          ],
          [
            -120.551963946443,
            35.97418506928859
          ],
          [
            -120.5519645149262,
            35.97418520373154
          ],
          [
            -120.5519650908725,
            35.9741853381745
          ],
          [
            -120.5519657630873,
            35.97418547261745
          ],
          [
            -120.5519663817718,
            35.9741855535302
          ],
          [
            -120.5519669867651,
            35.97418562075168
          ],
          [
            -120.5519675917584,
            35.97418568797315
          ],
          [
            -120.5519681967517,
            35.97418581038927
          ],
          [
            -120.5519688241611,
            35.97418592241611
          ],
          [
            -120.5519694963758,
            35.97418598963759
          ],
          [
            -120.5519701117315,
            35.97418605685906
          ],
          [
            -120.5519706926443,
            35.97418612408053
          ],
          [
            -120.5519712304161,
            35.97418619130201
          ],
          [
            -120.5519718852349,
            35.97418631704698
          ],
          [
            -120.5519725317047,
            35.97418642574497
          ],
          [
            -120.551973136698,
            35.97418649296645
          ],
          [
            -120.5519737416913,
            35.97418656018792
          ],
          [
            -120.551974374094,
            35.9741866
          ],
          [
            -120.5519750463087,
            35.9741866
          ],
          [
            -120.5519756566711,
            35.97418666185235
          ],
          [
            -120.5519762907383,
            35.9741867
          ],
          [
            -120.551976962953,
            35.9741867
          ],
          [
            -120.551977571651,
            35.9741867
          ],
          [
            -120.551978145906,
            35.97418676147651
          ],
          [
            -120.5519786836779,
            35.97418689591946
          ],
          [
            -120.5519793518121,
            35.9741869
          ],
          [
            -120.5519799916242,
            35.9741869
          ],
          [
            -120.5519805966174,
            35.9741869
          ],
          [
            -120.5519812016107,
            35.9741869
          ],
          [
            -120.551981806604,
            35.97418693406711
          ],
          [
            -120.5519824128859,
            35.974187
          ],
          [
            -120.5519830851007,
            35.974187
          ],
          [
            -120.5519837215839,
            35.97418703573155
          ],
          [
            -120.5519843265772,
            35.97418710295302
          ],
          [
            -120.5519849315705,
            35.9741871701745
          ],
          [
            -120.5519855739597,
            35.9741872
          ],
          [
            -120.5519862369396,
            35.97418720461745
          ],
          [
            -120.5519867747114,
            35.97418727183892
          ],
          [
            -120.551987390604,
            35.9741873
          ],
          [
            -120.5519880565369,
            35.97418730628188
          ],
          [
            -120.5519886615302,
            35.97418737350336
          ],
          [
            -120.5519892257986,
            35.9741874
          ],
          [
            -120.5519897715168,
            35.97418740794631
          ],
          [
            -120.5519903765101,
            35.97418747516778
          ],
          [
            -120.5519909815034,
            35.97418758477853
          ],
          [
            -120.5519915864966,
            35.97418770961074
          ],
          [
            -120.5519921914899,
            35.97418777683222
          ],
          [
            -120.5519927524295,
            35.9741878
          ],
          [
            -120.5519933014765,
            35.97418781127517
          ],
          [
            -120.5519939064698,
            35.97418787849664
          ],
          [
            -120.5519945114631,
            35.97418794571812
          ],
          [
            -120.5519951164564,
            35.97418801293959
          ],
          [
            -120.5519957214497,
            35.97418808016107
          ],
          [
            -120.5519963264429,
            35.97418814738255
          ],
          [
            -120.5519969168322,
            35.97418821460403
          ],
          [
            -120.551997454604,
            35.9741882818255
          ],
          [
            -120.5519979923758,
            35.97418834904698
          ],
          [
            -120.5519985464161,
            35.97418841626846
          ],
          [
            -120.5519991514094,
            35.97418848348993
          ],
          [
            -120.5519997564027,
            35.9741885507114
          ],
          [
            -120.5520003434631,
            35.97418861793288
          ],
          [
            -120.5520008812349,
            35.97418868515436
          ],
          [
            -120.5520014713826,
            35.97418880475168
          ],
          [
            -120.5520020371812,
            35.97418891959732
          ],
          [
            -120.5520025077315,
            35.9741889868188
          ],
          [
            -120.5520030863624,
            35.97418905404027
          ],
          [
            -120.552003670094,
            35.97418912126174
          ],
          [
            -120.5520042078658,
            35.97418918848322
          ],
          [
            -120.5520048013423,
            35.97418925570469
          ],
          [
            -120.5520053604832,
            35.97418932292617
          ],
          [
            -120.5520058310336,
            35.97418939014765
          ],
          [
            -120.5520064163221,
            35.97418951473826
          ],
          [
            -120.5520069967248,
            35.97418962459061
          ],
          [
            -120.5520075344966,
            35.97418969181208
          ],
          [
            -120.5520080722685,
            35.97418981806711
          ],
          [
            -120.5520086362953,
            35.97418995251007
          ],
          [
            -120.5520092412886,
            35.97419008695302
          ],
          [
            -120.5520097248859,
            35.97419022139597
          ],
          [
            -120.5520102233557,
            35.97419035583892
          ],
          [
            -120.5520107611275,
            35.97419049028188
          ],
          [
            -120.5520112988993,
            35.97419062472483
          ],
          [
            -120.5520118070873,
            35.97419075916779
          ],
          [
            -120.5520122776376,
            35.97419089361074
          ],
          [
            -120.5520128122148,
            35.97419096402685
          ],
          [
            -120.5520133499866,
            35.97419106249664
          ],
          [
            -120.5520138877584,
            35.9741911969396
          ],
          [
            -120.5520144912215,
            35.97419133138255
          ],
          [
            -120.5520150303893,
            35.97419143291275
          ],
          [
            -120.5520155010738,
            35.97419150026846
          ],
          [
            -120.5520160388456,
            35.97419163471141
          ],
          [
            -120.5520165766174,
            35.97419173457718
          ],
          [
            -120.5520171161879,
            35.97419180359731
          ],
          [
            -120.5520177211812,
            35.97419193804027
          ],
          [
            -120.5520182536913,
            35.97419203624161
          ],
          [
            -120.5520187277047,
            35.97419210692617
          ],
          [
            -120.5520192654765,
            35.97419224136912
          ],
          [
            -120.5520198411544,
            35.97419237581208
          ],
          [
            -120.5520204358926,
            35.97419250512752
          ],
          [
            -120.552020906443,
            35.974192572349
          ],
          [
            -120.5520214561342,
            35.97419267914094
          ],
          [
            -120.5520220611275,
            35.97419281358389
          ],
          [
            -120.5520226661208,
            35.97419294802685
          ],
          [
            -120.5520232711141,
            35.9741930824698
          ],
          [
            -120.5520238845638,
            35.97419321691275
          ],
          [
            -120.5520245567785,
            35.9741933513557
          ],
          [
            -120.5520252289933,
            35.97419348579866
          ],
          [
            -120.5520259012081,
            35.97419362024161
          ],
          [
            -120.5520265734228,
            35.97419375468456
          ],
          [
            -120.5520272456376,
            35.97419388912752
          ],
          [
            -120.5520279296376,
            35.97419401178523
          ],
          [
            -120.5520286690738,
            35.97419407900671
          ],
          [
            -120.5520294085101,
            35.97419414622819
          ],
          [
            -120.5520301479463,
            35.97419422689933
          ],
          [
            -120.5520308873825,
            35.97419436134228
          ],
          [
            -120.5520316268188,
            35.97419449578523
          ],
          [
            -120.552032366255,
            35.97419463022818
          ],
          [
            -120.5520331056913,
            35.97419476467114
          ],
          [
            -120.5520338946846,
            35.9741948991141
          ],
          [
            -120.5520347013423,
            35.97419503355705
          ],
          [
            -120.552035508,
            35.97419516799999
          ],
          [
            -120.5520362634362,
            35.97419530244295
          ],
          [
            -120.5520370213154,
            35.97419541844295
          ],
          [
            -120.5520378279732,
            35.97419548566443
          ],
          [
            -120.5520386875168,
            35.97419560577181
          ],
          [
            -120.552039561396,
            35.97419576032215
          ],
          [
            -120.5520404352752,
            35.97419596198657
          ],
          [
            -120.5520413091544,
            35.97419610910067
          ],
          [
            -120.5520421612618,
            35.97419622177181
          ],
          [
            -120.5520429679195,
            35.97419628899329
          ],
          [
            -120.5520438307919,
            35.97419635621476
          ],
          [
            -120.5520446812349,
            35.97419642343624
          ],
          [
            -120.5520454878926,
            35.97419649065772
          ],
          [
            -120.5520464103087,
            35.97419661575839
          ],
          [
            -120.5520473263087,
            35.97419672510067
          ],
          [
            -120.5520482001879,
            35.97419679232215
          ],
          [
            -120.5520490145235,
            35.97419691908725
          ],
          [
            -120.5520498479463,
            35.9741970535302
          ],
          [
            -120.5520507218255,
            35.97419718797315
          ],
          [
            -120.5520515957047,
            35.97419732241611
          ],
          [
            -120.5520524695839,
            35.97419742842953
          ],
          [
            -120.5520533434631,
            35.97419749565101
          ],
          [
            -120.5520542173423,
            35.97419756287248
          ],
          [
            -120.5520550912215,
            35.97419763009395
          ],
          [
            -120.5520559651007,
            35.97419769731543
          ],
          [
            -120.5520569035168,
            35.97419782907382
          ],
          [
            -120.5520578128591,
            35.97419793175839
          ],
          [
            -120.5520586867383,
            35.97419799897987
          ],
          [
            -120.5520594944161,
            35.97419813240268
          ],
          [
            -120.5520603344966,
            35.97419823342282
          ],
          [
            -120.5520612090201,
            35.97419830128859
          ],
          [
            -120.5520621501208,
            35.97419843573154
          ],
          [
            -120.552063021047,
            35.97419853508725
          ],
          [
            -120.5520638277047,
            35.97419860230873
          ],
          [
            -120.5520646343624,
            35.9741986695302
          ],
          [
            -120.5520654777718,
            35.97419877350335
          ],
          [
            -120.5520663476779,
            35.97419890397315
          ],
          [
            -120.5520671543356,
            35.97419897119463
          ],
          [
            -120.5520679609933,
            35.97419903841611
          ],
          [
            -120.5520687789262,
            35.97419911127517
          ],
          [
            -120.5520697200269,
            35.97419924571813
          ],
          [
            -120.5520705809664,
            35.97419938016107
          ],
          [
            -120.5520713876242,
            35.97419950730201
          ],
          [
            -120.5520721942819,
            35.97419957452349
          ],
          [
            -120.5520730009396,
            35.97419964174497
          ],
          [
            -120.5520738075973,
            35.97419971793288
          ],
          [
            -120.552074614255,
            35.97419985237584
          ],
          [
            -120.5520754209127,
            35.9741999434094
          ],
          [
            -120.5520762169396,
            35.97420001063087
          ],
          [
            -120.5520769563758,
            35.97420007785234
          ],
          [
            -120.5520777859597,
            35.97420014507382
          ],
          [
            -120.5520786475436,
            35.9742002245906
          ],
          [
            -120.5520794542013,
            35.97420035903356
          ],
          [
            -120.5520802141208,
            35.97420044673826
          ],
          [
            -120.5520809675168,
            35.97420051395974
          ],
          [
            -120.5520817741745,
            35.97420058118121
          ],
          [
            -120.5520825808322,
            35.97420064840269
          ],
          [
            -120.5520833874899,
            35.97420071562416
          ],
          [
            -120.5520841941477,
            35.97420078284564
          ],
          [
            -120.5520850008054,
            35.97420085006711
          ],
          [
            -120.5520858074631,
            35.97420091728859
          ],
          [
            -120.5520866141208,
            35.97420098451007
          ],
          [
            -120.552087369047,
            35.97420105173155
          ],
          [
            -120.5520881084832,
            35.97420111895302
          ],
          [
            -120.5520888479195,
            35.9742011861745
          ],
          [
            -120.5520895339597,
            35.97420125339598
          ],
          [
            -120.5520902061745,
            35.9742013
          ],
          [
            -120.5520908783893,
            35.9742013
          ],
          [
            -120.552091550604,
            35.9742013550604
          ],
          [
            -120.5520922005369,
            35.97420142228188
          ],
          [
            -120.5520928055302,
            35.97420148950336
          ],
          [
            -120.5520934672483,
            35.97420155672484
          ],
          [
            -120.5520941394631,
            35.97420162394631
          ],
          [
            -120.5520948116778,
            35.97420169116779
          ],
          [
            -120.5520954255034,
            35.9742017
          ],
          [
            -120.5520960561074,
            35.9742017
          ],
          [
            -120.5520967283222,
            35.9742017
          ],
          [
            -120.5520974005369,
            35.9742017
          ],
          [
            -120.5520980454765,
            35.97420172727517
          ],
          [
            -120.5520986504698,
            35.97420179449665
          ],
          [
            -120.5520992554631,
            35.9742018
          ],
          [
            -120.5520998604564,
            35.9742018289396
          ],
          [
            -120.5521004654497,
            35.97420189616107
          ],
          [
            -120.5521010704429,
            35.9742019
          ],
          [
            -120.5521017060403,
            35.9742019
          ],
          [
            -120.552102378255,
            35.9742019
          ],
          [
            -120.5521029203758,
            35.9742019
          ],
          [
            -120.5521034904161,
            35.9742019
          ],
          [
            -120.5521040954094,
            35.9742019
          ],
          [
            -120.5521046336913,
            35.97420196671141
          ],
          [
            -120.552105205396,
            35.97420196606711
          ],
          [
            -120.5521058092349,
            35.9742019
          ],
          [
            -120.5521063470067,
            35.9742019
          ],
          [
            -120.5521068847785,
            35.97420186440269
          ],
          [
            -120.5521074197315,
            35.9742018
          ],
          [
            -120.5521078902819,
            35.9742018
          ],
          [
            -120.5521083980939,
            35.9742018
          ],
          [
            -120.5521089358658,
            35.97420179551678
          ],
          [
            -120.5521094736376,
            35.97420172829531
          ],
          [
            -120.5521100114094,
            35.9742017
          ],
          [
            -120.5521105430335,
            35.97420169385235
          ],
          [
            -120.5521110135839,
            35.97420162663087
          ],
          [
            -120.5521115247248,
            35.9742016
          ],
          [
            -120.5521120624966,
            35.97420159218792
          ],
          [
            -120.5521126002685,
            35.97420152496645
          ],
          [
            -120.5521131380403,
            35.97420145774497
          ],
          [
            -120.5521136758121,
            35.97420138104698
          ],
          [
            -120.5521142135839,
            35.97420124660403
          ],
          [
            -120.5521147074362,
            35.9742012
          ],
          [
            -120.5521151891275,
            35.97420118885906
          ],
          [
            -120.5521157268993,
            35.97420112163758
          ],
          [
            -120.5521162646711,
            35.97420100883222
          ],
          [
            -120.552116802443,
            35.97420088719463
          ],
          [
            -120.5521173402148,
            35.97420081997316
          ],
          [
            -120.5521178307383,
            35.97420065825504
          ],
          [
            -120.5521182868188,
            35.97420047106041
          ],
          [
            -120.5521186901477,
            35.97420033661745
          ],
          [
            -120.552119191302,
            35.97420020217449
          ],
          [
            -120.5521197290738,
            35.97420005159731
          ],
          [
            -120.5521202668456,
            35.97419984993289
          ],
          [
            -120.5521207540403,
            35.97419969884564
          ],
          [
            -120.5521212067919,
            35.97419954660403
          ],
          [
            -120.5521216101208,
            35.9741993449396
          ],
          [
            -120.5521220656913,
            35.97419919551678
          ],
          [
            -120.5521225167785,
            35.97419906107383
          ],
          [
            -120.5521229201074,
            35.97419892663087
          ],
          [
            -120.5521232695302,
            35.97419873828188
          ],
          [
            -120.5521236267651,
            35.97419857887248
          ],
          [
            -120.552124030094,
            35.974198511651
          ],
          [
            -120.5521244334228,
            35.97419838885906
          ],
          [
            -120.5521247911678,
            35.97419825441611
          ],
          [
            -120.5521250600537,
            35.97419811997316
          ],
          [
            -120.5521253289396,
            35.9741980427651
          ],
          [
            -120.5521255978255,
            35.97419795108725
          ],
          [
            -120.5521258667114,
            35.97419781664429
          ],
          [
            -120.552126076698,
            35.97419768220134
          ],
          [
            -120.5521263044832,
            35.9741975738792
          ],
          [
            -120.5521265733691,
            35.97419750665772
          ],
          [
            -120.5521267816913,
            35.97419743943625
          ],
          [
            -120.5521269555705,
            35.9741974
          ],
          [
            -120.5521270900134,
            35.9741974
          ],
          [
            -120.5521272244564,
            35.97419733777181
          ],
          [
            -120.5521273588993,
            35.97419727055033
          ],
          [
            -120.5521274933423,
            35.97419720332886
          ],
          [
            -120.5521275638926,
            35.9741972
          ],
          [
            -120.5521276311141,
            35.97419716888591
          ],
          [
            -120.5521276983356,
            35.97419710166443
          ],
          [
            -120.552127765557,
            35.9741971
          ],
          [
            -120.5521278,
            35.9741971
          ],
          [
            -120.5521278,
            35.9741971
          ],
          [
            -120.5521278,
            35.9741971
          ],
          [
            -120.5521278,
            35.9741971
          ],
          [
            -120.5521278,
            35.9741971
          ],
          [
            -120.5521278,
            35.9741971
          ],
          [
            -120.5521278,
            35.9741971
          ],
          [
            -120.5521278,
            35.9741971
          ],
          [
            -120.5521278,
            35.9741971
          ],
          [
            -120.5521278,
            35.9741971
          ],
          [
            -120.5521278,
            35.9741971
          ],
          [
            -120.5521278,
            35.9741971
          ]
        ]
      }
    },
    {
      "type": "Feature",
      "properties": {
        "kind": "wellhead",
        "name": "SAFOD wellhead",
        "channel": 210.0
      },
      "geometry": {
        "type": "Point",
        "coordinates": [
          -120.5521278,
          35.9741971
        ]
      }
    },
    {
      "type": "Feature",
      "properties": {
        "kind": "turnaround",
        "name": "SAFOD turnaround",
        "channel": 1700.0,
        "md_m": 3052.8768,
        "tvd_m": 2549.5434912
      },
      "geometry": {
        "type": "Point",
        "coordinates": [
          -120.54450664,
          35.98207864
        ]
      }
    }
  ]
}